ID,SAL,Columna de 1,EDU,EXP,HAB,EDM,EDP,HER,,,,,,,,,,,
1,6.17,1,13,1,1,12,12,1,,,,,,,,,,,
2,8.49,1,15,4,1.5,12,12,1,,,,,Modelo Clásico,,,,,,
3,4.75,1,10,1,-0.36,12,12,1,,,,,B6,B5,B4,B3,B2,B1,B0
4,6.35,1,12,1,0.26,12,10,4,,,,,-0.004867019,0.003678772,0.046691233,0.138388417,0.277985734,0.700834955,-2.078530524
5,11.13,1,15,2,0.3,12,12,1,,,,,0.048049597,0.035694581,0.044342037,0.129281383,0.041569304,0.057800517,0.833884753
6,6.23,1,15,2,0.44,12,16,2,,,,,0.102832604,4.490292235,#N/D,#N/D,#N/D,#N/D,#N/D
7,5.92,1,15,3,0.91,12,12,1,,,,,41.47304516,2171,#N/D,#N/D,#N/D,#N/D,#N/D
8,8.33,1,13,4,0.51,12,15,2,,,,,5017.257467,43773.27458,#N/D,#N/D,#N/D,#N/D,#N/D
9,7.02,1,13,2,0.86,12,12,2,,,,,,,,,,,
10,8.93,1,11,5,0.26,12,12,2,,,,,,,,,,,
11,11.47,1,12,1,1.82,16,17,2,,,,,2.715066188,,,,,,
12,11.13,1,13,4,-1.3,13,12,5,,,,,,,,,,,
13,7.92,1,12,3,-0.63,12,12,4,,,,,,,,,,,
14,9.02,1,12,6,-0.36,10,12,2,,,,,1.88177683,,,,,,
15,8.33,1,12,3,0.28,10,12,3,,,,,,,,,,,
16,11.58,1,12,4,-0.72,14,12,1,,,,,,,,,,,
17,12.06,1,12,3,-0.01,9,10,2,,,,,,,,,,,
18,14.29,1,12,3,0.83,12,16,1,,,,,2178,26882,8102,92.09,24985,25553,6847
19,10.38,1,12,3,-0.69,12,12,3,,,,,26882,339920,98468,3087.02,312701,321068,82919
20,12.42,1,14,2,1.04,12,14,6,,,,,8102,98468,43290,-1305.17,89334,90891,27178
21,8.93,1,10,2,1.18,12,16,2,,,,,92.09,3087.02,-1305.17,2000.9159,4048.09,4800.52,-848.77
22,9.48,1,12,2,1.04,12,12,3,,,,,24985,312701,89334,4048.09,307675,311014,73831
23,9.29,1,12,5,0.47,15,12,3,,,,,25553,321068,90891,4800.52,311014,331921,75213
24,4.9,1,12,2,-0.94,12,17,3,,,,,6847,82919,27178,-848.77,73831,75213,31521
25,16.44,1,18,5,0.78,17,16,1,,,,,,,,,,,
26,30.56,1,17,5,1.22,17,16,1,,,,,,,,,,,
27,2.5,1,13,4,-0.13,16,16,3,,,,,Intervalo De Conf. Edu,,,,,,
28,12.8,1,17,3,1.52,16,18,2,,,,,0.592067281,0.809602629,,,,,
29,8.08,1,16,1,0.3,5,4,2,,,,,,,,,,,
30,6.11,1,12,2,1.18,12,9,1,,,,,,,,,,,
31,5.87,1,11,2,0.42,11,9,2,,,,,,,,,,,
32,5.25,1,15,1,0.71,11,8,2,,,,,,,,,,,
33,16.11,1,12,6,0.18,6,7,3,,,,,,,,,,,
34,10.69,1,14,4,1.17,10,12,2,,,,,,,,,,,
35,4.57,1,14,3,-1.4,11,8,2,,,,,,,,,,,
36,10.38,1,12,2,1.61,16,12,2,,,,,,,,,,,
37,5.98,1,11,2,0.41,11,10,1,,,,,,,,,,,
38,6.42,1,11,1,1.62,16,16,1,,,,,,,,,,,
39,6.82,1,13,4,-1.06,12,14,7,,,,,,,,,,,
40,9.87,1,13,4,0.51,14,15,7,,,,,,,,,,,
41,11.47,1,15,3,0.68,13,14,3,,,,,,,,,,,
42,9.02,1,11,2,0.48,9,12,5,,,,,,,,,,,
43,4.52,1,12,3,-0.12,9,12,5,,,,,,,,,,,
44,7.69,1,14,2,0.84,16,16,4,,,,,,,,,,,
45,5.1,1,11,6,-0.13,12,12,3,,,,,,,,,,,
46,5,1,12,12,1.08,12,12,3,,,,,,,,,,,
47,6.04,1,12,2,0.88,12,12,2,,,,,,,,,,,
48,6.17,1,12,2,-0.59,12,14,0,,,,,,,,,,,
49,8.58,1,9,4,0.2,12,12,3,,,,,,,,,,,
50,5.98,1,14,0,1.4,16,17,2,,,,,,,,,,,
51,6.35,1,12,1,0.93,16,18,2,,,,,,,,,,,
52,6.04,1,12,2,0.91,10,12,3,,,,,,,,,,,
53,10.38,1,12,2,0.98,13,12,0,,,,,,,,,,,
54,7.17,1,11,2,0.15,12,12,2,,,,,,,,,,,
55,9.48,1,12,3,1.07,12,14,2,,,,,,,,,,,
56,5.81,1,12,1,0.29,12,12,3,,,,,,,,,,,
57,4.17,1,12,2,0.06,12,12,2,,,,,,,,,,,
58,8.16,1,14,8,-0.08,10,12,2,,,,,,,,,,,
59,18.54,1,16,4,0.45,12,12,1,,,,,,,,,,,
60,24.04,1,14,4,0.63,12,12,1,,,,,,,,,,,
61,7.46,1,13,1,1.15,10,16,1,,,,,,,,,,,
62,4.17,1,13,1,1.85,20,16,1,,,,,,,,,,,
63,4.39,1,11,1,0.61,16,17,1,,,,,,,,,,,
64,10.59,1,12,5,-0.9,12,12,2,,,,,,,,,,,
65,8.93,1,14,2,0.78,13,20,1,,,,,,,,,,,
66,5.1,1,12,3,0.77,16,16,1,,,,,,,,,,,
67,8.16,1,9,5,-0.89,11,12,2,,,,,,,,,,,
68,14.29,1,15,2,0.38,12,12,2,,,,,,,,,,,
69,10.69,1,12,3,0.58,12,16,3,,,,,,,,,,,
70,5.64,1,11,2,1.3,12,16,3,,,,,,,,,,,
71,7.38,1,12,3,0.25,12,12,2,,,,,,,,,,,
72,13.87,1,15,2,0.56,12,12,2,,,,,,,,,,,
73,11.7,1,15,5,-0.25,12,8,2,,,,,,,,,,,
74,5.25,1,12,1,0.31,10,14,3,,,,,,,,,,,
75,4.43,1,12,3,-0.35,10,15,3,,,,,,,,,,,
76,5.25,1,10,4,-0.73,9,9,7,,,,,,,,,,,
77,5.2,1,14,2,0.88,12,12,3,,,,,,,,,,,
78,4.34,1,9,5,-1.03,11,11,6,,,,,,,,,,,
79,11.7,1,12,3,0.32,12,12,3,,,,,,,,,,,
80,8.93,1,16,4,1.11,12,12,3,,,,,,,,,,,
81,6.48,1,11,8,-0.87,8,12,2,,,,,,,,,,,
82,5.05,1,12,1,-0.05,11,9,2,,,,,,,,,,,
83,14.87,1,12,3,0.44,12,12,2,,,,,,,,,,,
84,5.41,1,12,2,1.56,12,18,3,,,,,,,,,,,
85,6.35,1,12,2,0.04,12,12,4,,,,,,,,,,,
86,5.98,1,12,5,0.15,12,13,4,,,,,,,,,,,
87,6.35,1,15,1,0.68,12,18,0,,,,,,,,,,,
88,7.09,1,12,4,0.73,12,16,3,,,,,,,,,,,
89,6.75,1,13,3,0.45,12,12,6,,,,,,,,,,,
90,10.07,1,12,2,0.79,15,18,6,,,,,,,,,,,
91,6.48,1,12,2,-0.34,16,13,2,,,,,,,,,,,
92,8.75,1,12,1,0.25,12,14,1,,,,,,,,,,,
93,6.42,1,9,9,-0.48,12,12,1,,,,,,,,,,,
94,7.92,1,12,2,-1.39,12,12,1,,,,,,,,,,,
95,8.58,1,12,3,-0.41,12,12,5,,,,,,,,,,,
96,12.42,1,12,1,-1.04,12,8,4,,,,,,,,,,,
97,6.29,1,11,5,-0.14,11,10,3,,,,,,,,,,,
98,4.43,1,11,4,-0.98,12,12,2,,,,,,,,,,,
99,9.02,1,15,3,1.05,12,18,2,,,,,,,,,,,
100,6.55,1,12,2,-1,12,12,2,,,,,,,,,,,
101,11.94,1,12,2,0.59,12,10,1,,,,,,,,,,,
102,12.3,1,12,3,0.18,13,12,3,,,,,,,,,,,
103,11.47,1,14,4,0.24,12,12,3,,,,,,,,,,,
104,15.33,1,15,3,1.78,12,16,3,,,,,,,,,,,
105,7.46,1,13,2,-0.02,12,8,2,,,,,,,,,,,
106,9.97,1,12,4,-0.15,12,12,4,,,,,,,,,,,
107,8.93,1,12,3,-0.75,12,12,4,,,,,,,,,,,
108,3.28,1,15,3,-0.06,12,12,4,,,,,,,,,,,
109,7.46,1,12,3,-1.32,12,16,3,,,,,,,,,,,
110,10.91,1,12,2,-0.21,12,12,4,,,,,,,,,,,
111,6.75,1,11,6,0.16,12,12,3,,,,,,,,,,,
112,8.08,1,15,6,-0.36,12,13,3,,,,,,,,,,,
113,9.29,1,15,5,0.64,12,12,3,,,,,,,,,,,
114,5.98,1,12,13,-1.71,12,13,3,,,,,,,,,,,
115,6.11,1,15,1,0.99,14,14,8,,,,,,,,,,,
116,5.2,1,11,1,0.38,14,14,8,,,,,,,,,,,
117,5.98,1,14,1,0.91,12,18,2,,,,,,,,,,,
118,10.8,1,10,6,0.2,12,12,2,,,,,,,,,,,
119,12.67,1,12,4,1.29,11,12,3,,,,,,,,,,,
120,7.02,1,11,1,1.05,11,12,3,,,,,,,,,,,
121,6.48,1,11,2,1.29,12,12,5,,,,,,,,,,,
122,6.82,1,16,2,0.9,16,16,6,,,,,,,,,,,
123,10.38,1,12,7,0.62,12,12,5,,,,,,,,,,,
124,10.8,1,13,6,0.42,11,12,2,,,,,,,,,,,
125,7.02,1,12,3,-0.59,14,11,7,,,,,,,,,,,
126,9.02,1,12,1,0.25,12,16,1,,,,,,,,,,,
127,5.47,1,15,1,1.04,16,20,2,,,,,,,,,,,
128,5.75,1,15,3,1.48,16,20,2,,,,,,,,,,,
129,14.87,1,12,4,-0.47,12,12,4,,,,,,,,,,,
130,7.92,1,12,3,-2.27,12,12,2,,,,,,,,,,,
131,5.75,1,11,2,-2.01,12,11,2,,,,,,,,,,,
132,6.35,1,12,2,0.42,8,8,4,,,,,,,,,,,
133,7.92,1,12,2,-0.67,7,12,5,,,,,,,,,,,
134,7.31,1,11,1,0.22,12,12,0,,,,,,,,,,,
135,5.75,1,12,1,-1.51,12,9,1,,,,,,,,,,,
136,6.88,1,14,6,1.28,16,14,1,,,,,,,,,,,
137,26.57,1,15,4,1.13,14,16,1,,,,,,,,,,,
138,4.09,1,12,4,-2,12,12,3,,,,,,,,,,,
139,11.94,1,12,4,-0.34,12,12,4,,,,,,,,,,,
140,5.98,1,11,1,-0.43,12,12,4,,,,,,,,,,,
141,9.87,1,11,2,0.71,12,12,1,,,,,,,,,,,
142,9.02,1,15,4,0.02,12,14,2,,,,,,,,,,,
143,10.38,1,15,5,0.59,15,14,2,,,,,,,,,,,
144,4.01,1,15,2,1.25,12,18,2,,,,,,,,,,,
145,11.47,1,12,2,0.38,12,12,1,,,,,,,,,,,
146,10.59,1,13,1,0.8,12,12,3,,,,,,,,,,,
147,6.48,1,12,3,1.09,12,12,3,,,,,,,,,,,
148,5.81,1,11,2,-0.61,16,12,3,,,,,,,,,,,
149,7.53,1,10,8,-1.63,8,6,4,,,,,,,,,,,
150,4.75,1,9,11,-0.72,8,12,2,,,,,,,,,,,
151,10.59,1,12,9,0.51,12,12,1,,,,,,,,,,,
152,7.02,1,16,3,0.12,12,12,2,,,,,,,,,,,
153,31.5,1,18,8,1.02,16,16,2,,,,,,,,,,,
154,8.93,1,17,4,0.84,16,16,2,,,,,,,,,,,
155,16.6,1,12,5,-0.03,12,10,4,,,,,,,,,,,
156,5.36,1,11,4,-1.09,12,10,4,,,,,,,,,,,
157,6.42,1,12,3,-0.07,12,14,2,,,,,,,,,,,
158,5.2,1,11,2,0.26,15,14,4,,,,,,,,,,,
159,8.24,1,14,4,0.3,12,18,3,,,,,,,,,,,
160,12.8,1,12,4,-0.51,12,12,3,,,,,,,,,,,
161,8.67,1,12,4,0.52,12,12,3,,,,,,,,,,,
162,16.6,1,12,2,-0.81,12,11,4,,,,,,,,,,,
163,8.33,1,12,3,0.97,16,12,3,,,,,,,,,,,
164,8,1,12,3,-0.79,12,12,3,,,,,,,,,,,
165,5.31,1,11,1,-0.05,14,9,3,,,,,,,,,,,
166,5.15,1,12,1,1.48,12,12,2,,,,,,,,,,,
167,8.84,1,13,3,1.4,12,12,2,,,,,,,,,,,
168,14.15,1,13,1,0.28,10,10,0,,,,,,,,,,,
169,13.19,1,12,2,-1.01,11,11,2,,,,,,,,,,,
170,4.9,1,9,7,-0.14,9,10,4,,,,,,,,,,,
171,4.01,1,10,9,-1.89,8,7,9,,,,,,,,,,,
172,7.92,1,12,3,0.96,8,8,3,,,,,,,,,,,
173,9.77,1,10,9,-0.91,8,8,3,,,,,,,,,,,
174,4.13,1,12,2,-1.06,12,12,1,,,,,,,,,,,
175,10.69,1,12,2,-0.06,12,10,2,,,,,,,,,,,
176,15.48,1,11,5,-0.79,9,16,5,,,,,,,,,,,
177,3.15,1,12,2,0.07,12,16,3,,,,,,,,,,,
178,6.11,1,16,2,1.25,12,16,7,,,,,,,,,,,
179,5.41,1,15,2,0.76,12,12,3,,,,,,,,,,,
180,8.41,1,14,4,1.31,12,16,4,,,,,,,,,,,
181,3.97,1,12,2,-0.07,12,18,2,,,,,,,,,,,
182,4.71,1,17,3,0.09,12,13,1,,,,,,,,,,,
183,11.13,1,12,3,-0.92,12,12,5,,,,,,,,,,,
184,9.48,1,12,5,-0.34,12,12,5,,,,,,,,,,,
185,7.92,1,12,1,0.98,12,12,4,,,,,,,,,,,
186,5.15,1,12,1,1.89,12,12,4,,,,,,,,,,,
187,6.35,1,12,1,0.38,12,16,3,,,,,,,,,,,
188,5.81,1,12,2,0.01,14,16,1,,,,,,,,,,,
189,8.93,1,15,2,1.02,12,16,4,,,,,,,,,,,
190,6.95,1,11,2,-0.15,12,12,3,,,,,,,,,,,
191,7.61,1,12,3,1.06,12,12,1,,,,,,,,,,,
192,8.49,1,12,4,0.69,12,15,1,,,,,,,,,,,
193,5.25,1,10,5,-0.39,12,11,3,,,,,,,,,,,
194,8.16,1,11,1,0.63,11,14,5,,,,,,,,,,,
195,18.35,1,12,3,0.65,15,16,7,,,,,,,,,,,
196,6.42,1,12,2,-1.01,16,16,7,,,,,,,,,,,
197,10.48,1,10,6,-0.76,10,9,12,,,,,,,,,,,
198,7.76,1,12,4,0.56,12,12,3,,,,,,,,,,,
199,6.88,1,12,2,0.21,12,12,2,,,,,,,,,,,
200,6.11,1,12,1,0.54,12,15,1,,,,,,,,,,,
201,5.31,1,11,1,0.35,12,15,1,,,,,,,,,,,
202,4.3,1,10,7,-1.38,13,14,2,,,,,,,,,,,
203,19.88,1,15,3,1.15,12,14,2,,,,,,,,,,,
204,8.49,1,12,2,0.49,12,18,1,,,,,,,,,,,
205,9.87,1,16,4,1.04,17,17,2,,,,,,,,,,,
206,8.67,1,17,2,0.9,12,12,1,,,,,,,,,,,
207,14.15,1,17,4,1.25,16,13,0,,,,,,,,,,,
208,10.91,1,12,3,-0.24,12,16,5,,,,,,,,,,,
209,4.8,1,11,1,0.64,12,16,1,,,,,,,,,,,
210,5.2,1,11,2,1.12,12,10,2,,,,,,,,,,,
211,5.92,1,12,7,0.84,11,8,4,,,,,,,,,,,
212,5.58,1,12,6,-2.31,8,4,10,,,,,,,,,,,
213,16.6,1,12,3,-0.88,12,12,2,,,,,,,,,,,
214,1.8,1,12,8,-0.34,12,12,2,,,,,,,,,,,
215,8.08,1,16,4,0.81,12,12,2,,,,,,,,,,,
216,6.11,1,12,4,0.87,10,14,2,,,,,,,,,,,
217,16.94,1,12,7,-1.31,3,12,5,,,,,,,,,,,
218,5,1,9,5,-0.95,14,9,3,,,,,,,,,,,
219,2.41,1,9,9,-1.59,12,12,2,,,,,,,,,,,
220,5.98,1,12,2,-0.19,11,10,0,,,,,,,,,,,
221,3.59,1,10,10,-0.43,9,9,4,,,,,,,,,,,
222,6.75,1,15,5,0.26,9,6,4,,,,,,,,,,,
223,5.69,1,12,1,-0.44,8,8,4,,,,,,,,,,,
224,2.58,1,11,3,-0.76,12,9,2,,,,,,,,,,,
225,9.58,1,11,2,-0.87,12,9,3,,,,,,,,,,,
226,8.16,1,12,2,0.36,12,12,2,,,,,,,,,,,
227,8.49,1,12,3,-1.72,8,6,5,,,,,,,,,,,
228,11.58,1,11,7,-0.34,11,12,6,,,,,,,,,,,
229,3.89,1,12,3,-1.3,9,15,3,,,,,,,,,,,
230,19.1,1,12,3,0.39,12,12,2,,,,,,,,,,,
231,19.68,1,12,1,0.49,12,12,3,,,,,,,,,,,
232,8.84,1,12,4,0.11,12,12,3,,,,,,,,,,,
233,8.49,1,12,2,0.23,12,12,3,,,,,,,,,,,
234,17.99,1,12,4,-0.35,8,8,1,,,,,,,,,,,
235,5.31,1,11,1,-0.34,12,8,6,,,,,,,,,,,
236,5.31,1,11,1,0.32,14,12,1,,,,,,,,,,,
237,10.48,1,12,7,-0.52,12,8,1,,,,,,,,,,,
238,19.49,1,12,7,-1.12,13,14,3,,,,,,,,,,,
239,4.26,1,15,2,-0.56,13,14,3,,,,,,,,,,,
240,24.04,1,12,2,-0.97,8,12,5,,,,,,,,,,,
241,5.36,1,12,5,-0.78,10,12,6,,,,,,,,,,,
242,7.76,1,12,9,-0.38,8,12,5,,,,,,,,,,,
243,8.58,1,12,4,-1.08,14,8,4,,,,,,,,,,,
244,5.47,1,9,3,-1.53,12,12,3,,,,,,,,,,,
245,6.11,1,12,3,-0.22,12,12,1,,,,,,,,,,,
246,16.11,1,12,2,0.03,12,14,1,,,,,,,,,,,
247,5.98,1,11,2,-0.19,10,12,4,,,,,,,,,,,
248,16.11,1,15,4,1.6,12,13,2,,,,,,,,,,,
249,9.48,1,12,0,1.06,12,13,2,,,,,,,,,,,
250,10.07,1,15,5,1.05,12,13,2,,,,,,,,,,,
251,14.43,1,12,4,-1.22,10,10,6,,,,,,,,,,,
252,5.75,1,12,2,0.02,10,12,2,,,,,,,,,,,
253,17.63,1,12,3,-0.69,8,7,4,,,,,,,,,,,
254,12.67,1,12,7,0.7,12,11,2,,,,,,,,,,,
255,7.46,1,14,1,0.29,12,17,4,,,,,,,,,,,
256,14.73,1,12,4,1.7,12,12,1,,,,,,,,,,,
257,5.58,1,12,2,0,12,13,0,,,,,,,,,,,
258,9.58,1,15,3,1.21,11,12,2,,,,,,,,,,,
259,6.82,1,11,2,0.46,11,12,2,,,,,,,,,,,
260,4.57,1,10,3,0.02,12,12,4,,,,,,,,,,,
261,10.07,1,12,12,-1.06,11,6,5,,,,,,,,,,,
262,5.75,1,11,1,-1.2,12,12,3,,,,,,,,,,,
263,5.98,1,13,1,0.96,12,12,3,,,,,,,,,,,
264,14.43,1,18,3,1.09,12,12,4,,,,,,,,,,,
265,8.24,1,17,0,0.9,12,13,1,,,,,,,,,,,
266,6.95,1,12,6,0.3,16,17,1,,,,,,,,,,,
267,4.48,1,12,3,0.67,12,14,0,,,,,,,,,,,
268,11.94,1,12,4,-1.11,12,12,1,,,,,,,,,,,
269,5.75,1,10,2,-1,12,16,1,,,,,,,,,,,
270,8.24,1,15,7,-0.45,16,16,2,,,,,,,,,,,
271,11.47,1,16,4,0.81,12,16,1,,,,,,,,,,,
272,5.75,1,12,1,-1.43,8,11,1,,,,,,,,,,,
273,3.78,1,12,6,-0.48,13,11,3,,,,,,,,,,,
274,5.31,1,12,2,0.19,12,11,4,,,,,,,,,,,
275,10.91,1,12,3,0.19,13,12,1,,,,,,,,,,,
276,8.75,1,12,3,1.38,12,12,3,,,,,,,,,,,
277,5.98,1,12,4,-1.11,12,12,4,,,,,,,,,,,
278,5.41,1,12,4,0.66,11,12,4,,,,,,,,,,,
279,6.17,1,12,2,-0.25,14,16,3,,,,,,,,,,,
280,11.02,1,12,2,0.32,12,16,1,,,,,,,,,,,
281,5.58,1,12,2,1.26,15,18,3,,,,,,,,,,,
282,5.31,1,10,2,-1.69,9,12,5,,,,,,,,,,,
283,2.74,1,9,6,0.34,12,13,5,,,,,,,,,,,
284,7.61,1,13,4,1.27,16,17,4,,,,,,,,,,,
285,1.97,1,15,1,0.94,16,16,6,,,,,,,,,,,
286,5.25,1,10,1,0.55,16,16,6,,,,,,,,,,,
287,3.52,1,14,5,1.06,20,20,2,,,,,,,,,,,
288,8,1,12,5,-0.76,14,14,3,,,,,,,,,,,
289,17.99,1,17,6,1.25,12,14,4,,,,,,,,,,,
290,11.94,1,12,1,0.28,12,14,4,,,,,,,,,,,
291,4.95,1,15,1,0.34,11,10,7,,,,,,,,,,,
292,9.58,1,13,2,0.61,13,16,1,,,,,,,,,,,
293,4.8,1,16,1,1.02,12,12,4,,,,,,,,,,,
294,7.31,1,13,2,0.71,12,12,4,,,,,,,,,,,
295,5.58,1,16,4,0.87,12,10,2,,,,,,,,,,,
296,14.87,1,13,1,1.12,14,16,2,,,,,,,,,,,
297,7.61,1,10,8,-0.36,10,13,3,,,,,,,,,,,
298,4.66,1,12,2,-0.5,12,12,3,,,,,,,,,,,
299,12.42,1,15,4,1.08,12,12,3,,,,,,,,,,,
300,3.66,1,12,3,-0.95,12,12,3,,,,,,,,,,,
301,9.58,1,12,3,0.15,10,11,6,,,,,,,,,,,
302,3,1,15,1,1.07,12,13,2,,,,,,,,,,,
303,16.11,1,15,3,0.99,12,14,2,,,,,,,,,,,
304,14.29,1,14,3,0.82,12,14,15,,,,,,,,,,,
305,7.31,1,12,4,0.89,12,12,2,,,,,,,,,,,
306,12.42,1,12,5,0.27,12,9,5,,,,,,,,,,,
307,6.17,1,10,1,1.17,12,12,6,,,,,,,,,,,
308,2.13,1,11,1,-0.5,12,12,6,,,,,,,,,,,
309,9.87,1,13,2,-0.26,12,12,3,,,,,,,,,,,
310,7.76,1,16,1,1.38,12,12,0,,,,,,,,,,,
311,3.45,1,14,1,0.03,12,12,1,,,,,,,,,,,
312,6.23,1,11,1,0.97,12,12,1,,,,,,,,,,,
313,18.17,1,13,3,0.77,10,12,9,,,,,,,,,,,
314,5.98,1,10,1,-0.99,11,12,9,,,,,,,,,,,
315,5.58,1,12,1,-0.21,12,12,3,,,,,,,,,,,
316,9.58,1,12,3,0.51,12,12,2,,,,,,,,,,,
317,7.02,1,11,1,0.25,12,12,2,,,,,,,,,,,
318,8.75,1,10,2,-0.75,12,12,6,,,,,,,,,,,
319,4.66,1,12,4,0.2,8,12,1,,,,,,,,,,,
320,22.19,1,14,7,1.11,15,16,3,,,,,,,,,,,
321,4.22,1,15,4,1.35,15,16,3,,,,,,,,,,,
322,2.82,1,15,3,1.36,15,16,3,,,,,,,,,,,
323,8.16,1,12,4,-1.24,12,10,7,,,,,,,,,,,
324,11.94,1,11,2,0.23,8,10,6,,,,,,,,,,,
325,6.61,1,12,2,0.31,12,12,4,,,,,,,,,,,
326,4.26,1,12,4,1.01,12,12,2,,,,,,,,,,,
327,11.13,1,11,2,1.25,11,12,3,,,,,,,,,,,
328,15.95,1,12,3,-0.6,10,8,5,,,,,,,,,,,
329,7.46,1,15,5,-0.77,12,20,7,,,,,,,,,,,
330,5.36,1,12,5,0.44,13,12,6,,,,,,,,,,,
331,6.04,1,12,2,0.87,12,16,3,,,,,,,,,,,
332,12.93,1,12,2,0.09,12,16,8,,,,,,,,,,,
333,7.92,1,12,2,-0.18,12,15,2,,,,,,,,,,,
334,1.93,1,12,3,0.07,12,12,1,,,,,,,,,,,
335,1.82,1,14,1,0.11,12,16,3,,,,,,,,,,,
336,11.13,1,12,6,-0.06,12,11,2,,,,,,,,,,,
337,4.05,1,11,1,1.04,10,12,2,,,,,,,,,,,
338,6.35,1,11,2,-0.11,12,12,0,,,,,,,,,,,
339,5.2,1,12,3,-1.62,8,8,3,,,,,,,,,,,
340,6.61,1,14,7,1.3,9,8,3,,,,,,,,,,,
341,4.95,1,16,9,1.06,14,16,0,,,,,,,,,,,
342,5.31,1,15,3,0.73,16,16,2,,,,,,,,,,,
343,5.31,1,9,2,-0.29,14,14,6,,,,,,,,,,,
344,3.52,1,12,2,-1.47,12,9,2,,,,,,,,,,,
345,11.13,1,16,4,1.22,8,12,2,,,,,,,,,,,
346,5.58,1,12,1,1.19,12,12,3,,,,,,,,,,,
347,6.35,1,15,3,0.6,12,12,3,,,,,,,,,,,
348,4.22,1,13,2,0.94,12,16,1,,,,,,,,,,,
349,9.87,1,12,3,-0.31,10,14,6,,,,,,,,,,,
350,10.17,1,12,3,0.56,12,12,4,,,,,,,,,,,
351,10.48,1,12,4,0.53,12,12,7,,,,,,,,,,,
352,5.98,1,12,2,0.53,16,16,3,,,,,,,,,,,
353,5.47,1,12,1,0.39,8,12,1,,,,,,,,,,,
354,5.81,1,10,7,-0.32,8,5,8,,,,,,,,,,,
355,6.75,1,12,7,-0.55,8,5,8,,,,,,,,,,,
356,7.92,1,12,3,-0.25,12,9,2,,,,,,,,,,,
357,7.09,1,11,5,-1.44,12,7,1,,,,,,,,,,,
358,7.24,1,14,10,0.35,16,16,4,,,,,,,,,,,
359,9.39,1,16,1,0.78,16,16,4,,,,,,,,,,,
360,16.77,1,14,5,0.26,14,16,1,,,,,,,,,,,
361,14.87,1,12,5,-0.04,12,16,0,,,,,,,,,,,
362,5.98,1,12,1,0.92,12,16,2,,,,,,,,,,,
363,9.97,1,11,5,-1.04,8,8,0,,,,,,,,,,,
364,3.81,1,12,2,-0.41,17,17,3,,,,,,,,,,,
365,6.04,1,10,3,0.36,13,12,3,,,,,,,,,,,
366,8.33,1,12,7,0.48,14,14,4,,,,,,,,,,,
367,16.77,1,15,6,0.43,14,14,4,,,,,,,,,,,
368,7.92,1,15,2,0.6,18,20,4,,,,,,,,,,,
369,6.68,1,15,3,0.67,16,20,4,,,,,,,,,,,
370,7.46,1,11,4,0.13,16,20,4,,,,,,,,,,,
371,4.8,1,12,1,-1.8,12,18,3,,,,,,,,,,,
372,9.11,1,12,5,0.22,12,14,3,,,,,,,,,,,
373,9.67,1,12,2,-0.22,12,14,3,,,,,,,,,,,
374,6.82,1,11,2,-0.42,11,8,3,,,,,,,,,,,
375,9.11,1,15,4,1.27,14,11,2,,,,,,,,,,,
376,4.48,1,15,2,0.16,12,18,2,,,,,,,,,,,
377,9.48,1,13,2,-0.81,14,9,2,,,,,,,,,,,
378,3.93,1,16,2,1.3,16,17,2,,,,,,,,,,,
379,10.48,1,16,1,1.21,16,16,2,,,,,,,,,,,
380,5.69,1,11,1,1.16,12,12,2,,,,,,,,,,,
381,6.68,1,12,3,-1.03,12,13,4,,,,,,,,,,,
382,4.71,1,12,2,-0.55,12,17,3,,,,,,,,,,,
383,4.13,1,13,6,-0.49,12,12,1,,,,,,,,,,,
384,18.54,1,10,7,-0.11,11,6,3,,,,,,,,,,,
385,7.17,1,12,3,-0.38,9,12,2,,,,,,,,,,,
386,4.8,1,12,4,-0.31,12,12,1,,,,,,,,,,,
387,9.39,1,11,4,0.15,11,11,3,,,,,,,,,,,
388,5.98,1,12,2,-1.13,13,12,2,,,,,,,,,,,
389,4.26,1,9,5,-0.57,12,12,1,,,,,,,,,,,
390,6.35,1,9,7,-1.46,12,12,2,,,,,,,,,,,
391,5.52,1,12,3,-0.17,12,12,2,,,,,,,,,,,
392,2.27,1,12,11,0.18,12,12,2,,,,,,,,,,,
393,5.81,1,15,1,1.24,12,12,2,,,,,,,,,,,
394,11.02,1,12,2,-0.26,12,9,2,,,,,,,,,,,
395,10.48,1,10,2,0.59,12,9,2,,,,,,,,,,,
396,4.39,1,12,2,-0.42,12,12,5,,,,,,,,,,,
397,8.67,1,11,6,-0.22,12,12,2,,,,,,,,,,,
398,7.17,1,9,4,-1.34,10,14,2,,,,,,,,,,,
399,7.09,1,12,6,-0.52,12,0,15,,,,,,,,,,,
400,3.97,1,11,1,0.09,12,12,4,,,,,,,,,,,
401,17.46,1,15,3,-0.16,11,11,4,,,,,,,,,,,
402,11.94,1,15,3,0.43,14,17,1,,,,,,,,,,,
403,7.09,1,10,3,-2.09,6,3,1,,,,,,,,,,,
404,6.95,1,13,5,0.95,11,11,2,,,,,,,,,,,
405,10.91,1,15,4,0.81,12,8,3,,,,,,,,,,,
406,4.43,1,11,8,-0.98,11,4,2,,,,,,,,,,,
407,8.08,1,9,5,-1.91,9,3,4,,,,,,,,,,,
408,7.69,1,12,3,0.09,10,12,3,,,,,,,,,,,
409,4.39,1,12,1,-1.06,11,12,3,,,,,,,,,,,
410,6.42,1,12,3,-0.73,11,12,2,,,,,,,,,,,
411,5.31,1,11,1,0.01,12,12,1,,,,,,,,,,,
412,7.84,1,12,5,-1.65,12,12,3,,,,,,,,,,,
413,6.04,1,12,1,0.06,12,12,3,,,,,,,,,,,
414,15.48,1,15,5,0.65,14,20,8,,,,,,,,,,,
415,3.18,1,15,4,0.64,12,16,7,,,,,,,,,,,
416,6.48,1,15,2,0.84,12,16,7,,,,,,,,,,,
417,6.11,1,12,2,0.25,11,11,3,,,,,,,,,,,
418,7.92,1,12,2,-0.62,14,16,4,,,,,,,,,,,
419,7.31,1,12,8,-0.4,16,16,2,,,,,,,,,,,
420,7.46,1,12,3,0.73,12,16,3,,,,,,,,,,,
421,9.11,1,12,4,-0.85,8,8,7,,,,,,,,,,,
422,9.77,1,11,5,-2.02,9,8,6,,,,,,,,,,,
423,3.89,1,9,5,-0.9,9,12,4,,,,,,,,,,,
424,7.24,1,11,2,-0.43,9,12,2,,,,,,,,,,,
425,7.53,1,12,9,0.8,12,14,2,,,,,,,,,,,
426,7.46,1,12,2,0.81,12,16,2,,,,,,,,,,,
427,11.13,1,14,5,-0.26,10,20,3,,,,,,,,,,,
428,8.93,1,15,5,-0.09,10,20,3,,,,,,,,,,,
429,12.67,1,10,5,-0.66,12,12,3,,,,,,,,,,,
430,11.35,1,10,3,-2.27,6,4,5,,,,,,,,,,,
431,11.94,1,10,7,-0.32,10,10,1,,,,,,,,,,,
432,2.03,1,15,4,0.12,12,12,4,,,,,,,,,,,
433,1.66,1,15,1,1.15,13,17,2,,,,,,,,,,,
434,9.48,1,13,4,0.31,12,10,1,,,,,,,,,,,
435,4.75,1,12,1,1.14,12,12,1,,,,,,,,,,,
436,7.61,1,12,2,-0.82,6,9,1,,,,,,,,,,,
437,17.99,1,16,5,1.44,16,16,3,,,,,,,,,,,
438,10.17,1,19,1,1.06,16,18,1,,,,,,,,,,,
439,7.53,1,14,2,0.93,18,14,1,,,,,,,,,,,
440,7.46,1,12,2,1,12,19,3,,,,,,,,,,,
441,5.98,1,10,2,1.22,14,16,3,,,,,,,,,,,
442,9.58,1,17,4,0.78,13,12,1,,,,,,,,,,,
443,7.61,1,12,4,-1.21,16,14,2,,,,,,,,,,,
444,6.11,1,11,1,0.07,12,11,2,,,,,,,,,,,
445,14.58,1,13,6,1.02,12,16,9,,,,,,,,,,,
446,6.95,1,10,2,-0.7,12,7,4,,,,,,,,,,,
447,4.61,1,9,2,-1.27,12,10,4,,,,,,,,,,,
448,6.11,1,12,3,-1.28,12,14,4,,,,,,,,,,,
449,6.95,1,11,3,-0.11,12,13,5,,,,,,,,,,,
450,5.98,1,12,2,0.27,12,14,4,,,,,,,,,,,
451,2.15,1,11,2,1.04,12,14,4,,,,,,,,,,,
452,6.75,1,12,3,0.87,12,14,4,,,,,,,,,,,
453,6.75,1,11,1,-0.71,12,14,3,,,,,,,,,,,
454,12.3,1,12,3,-0.68,12,18,1,,,,,,,,,,,
455,17.11,1,18,6,1.33,15,8,6,,,,,,,,,,,
456,15.64,1,14,2,1.08,12,15,3,,,,,,,,,,,
457,8.16,1,13,4,-0.12,12,13,5,,,,,,,,,,,
458,5.98,1,11,2,0.63,12,12,4,,,,,,,,,,,
459,7.24,1,10,5,-0.79,12,12,3,,,,,,,,,,,
460,15.95,1,12,4,0.29,12,12,3,,,,,,,,,,,
461,5.2,1,12,3,-0.02,16,13,1,,,,,,,,,,,
462,8.84,1,12,7,-0.58,11,11,3,,,,,,,,,,,
463,7.38,1,12,5,-0.26,11,11,3,,,,,,,,,,,
464,2.48,1,12,7,-0.1,12,10,7,,,,,,,,,,,
465,20.49,1,9,5,-0.22,12,12,6,,,,,,,,,,,
466,7.17,1,12,1,0.6,10,12,1,,,,,,,,,,,
467,6.11,1,11,1,0.12,12,12,2,,,,,,,,,,,
468,5.2,1,11,1,0.09,12,12,2,,,,,,,,,,,
469,31.5,1,15,3,-0.42,13,13,5,,,,,,,,,,,
470,5,1,11,1,1,12,12,2,,,,,,,,,,,
471,2.74,1,12,7,0.61,12,12,3,,,,,,,,,,,
472,4.71,1,11,1,0.09,12,12,3,,,,,,,,,,,
473,6.17,1,12,4,0.3,12,12,5,,,,,,,,,,,
474,17.81,1,16,5,0.57,12,8,4,,,,,,,,,,,
475,20.9,1,15,4,0.84,12,12,4,,,,,,,,,,,
476,22.87,1,12,4,0.31,14,18,2,,,,,,,,,,,
477,2.48,1,15,2,1.67,16,14,3,,,,,,,,,,,
478,4.95,1,9,6,-0.02,16,14,3,,,,,,,,,,,
479,7.69,1,14,3,0.99,12,12,3,,,,,,,,,,,
480,6.35,1,12,1,1.72,12,16,3,,,,,,,,,,,
481,6.17,1,11,1,1.77,12,16,3,,,,,,,,,,,
482,5.1,1,10,2,0.15,12,12,6,,,,,,,,,,,
483,6.29,1,10,2,-0.18,12,12,6,,,,,,,,,,,
484,5.52,1,12,1,-0.27,16,16,1,,,,,,,,,,,
485,15.79,1,12,4,0.53,12,12,4,,,,,,,,,,,
486,12.67,1,13,2,-0.81,6,4,1,,,,,,,,,,,
487,15.95,1,12,5,-1.63,6,4,1,,,,,,,,,,,
488,6.95,1,11,4,0.34,12,12,2,,,,,,,,,,,
489,5.98,1,13,3,0.1,12,12,6,,,,,,,,,,,
490,11.35,1,11,7,-1.33,12,12,8,,,,,,,,,,,
491,4.39,1,14,3,0.87,12,14,5,,,,,,,,,,,
492,5.81,1,10,3,0.48,12,12,3,,,,,,,,,,,
493,7.92,1,12,3,0.25,12,16,2,,,,,,,,,,,
494,16.44,1,16,2,1.71,18,18,1,,,,,,,,,,,
495,11.47,1,10,6,0.19,12,8,3,,,,,,,,,,,
496,4.95,1,10,2,0.51,13,13,5,,,,,,,,,,,
497,7.92,1,10,1,1.14,14,12,3,,,,,,,,,,,
498,5.41,1,11,1,-0.39,18,14,2,,,,,,,,,,,
499,6.95,1,11,1,-0.34,12,12,1,,,,,,,,,,,
500,6.23,1,11,8,-1.61,6,6,4,,,,,,,,,,,
501,10.38,1,12,3,-0.81,11,6,6,,,,,,,,,,,
502,7.46,1,12,2,-0.3,12,12,1,,,,,,,,,,,
503,8.93,1,14,4,0.68,17,20,3,,,,,,,,,,,
504,6.95,1,15,2,-0.22,16,16,3,,,,,,,,,,,
505,9.67,1,11,5,-1.97,2,2,10,,,,,,,,,,,
506,9.02,1,12,4,-1.96,9,6,11,,,,,,,,,,,
507,4.85,1,12,2,0.5,12,12,4,,,,,,,,,,,
508,8.49,1,12,1,1.44,12,20,3,,,,,,,,,,,
509,1.43,1,10,10,-0.93,12,12,3,,,,,,,,,,,
510,10.38,1,10,4,-0.01,12,12,3,,,,,,,,,,,
511,8.16,1,12,2,0.2,14,12,3,,,,,,,,,,,
512,6.68,1,12,2,1.17,20,20,1,,,,,,,,,,,
513,7.53,1,12,4,-0.34,11,16,3,,,,,,,,,,,
514,5.98,1,11,1,0.16,13,20,2,,,,,,,,,,,
515,5.98,1,12,2,-0.49,14,20,2,,,,,,,,,,,
516,6.11,1,12,1,0.42,14,13,1,,,,,,,,,,,
517,9.58,1,12,1,1.23,16,16,2,,,,,,,,,,,
518,15.95,1,13,6,1.27,10,18,3,,,,,,,,,,,
519,11.47,1,11,6,-0.8,12,12,0,,,,,,,,,,,
520,12.42,1,12,3,0.01,11,11,0,,,,,,,,,,,
521,5.41,1,11,5,0.73,11,10,4,,,,,,,,,,,
522,9.67,1,12,6,-1.73,12,14,5,,,,,,,,,,,
523,5.31,1,12,2,0.75,12,15,1,,,,,,,,,,,
524,5,1,12,1,0.71,12,12,2,,,,,,,,,,,
525,6.04,1,12,2,0.78,13,15,1,,,,,,,,,,,
526,8.93,1,12,3,0.7,12,12,1,,,,,,,,,,,
527,2.05,1,12,6,-0.65,12,14,3,,,,,,,,,,,
528,6.17,1,12,2,1.17,12,16,5,,,,,,,,,,,
529,11.35,1,12,9,-0.64,11,12,2,,,,,,,,,,,
530,10.48,1,12,2,0.17,12,12,2,,,,,,,,,,,
531,6.75,1,11,1,0.31,12,12,2,,,,,,,,,,,
532,7.09,1,9,6,-0.74,12,9,9,,,,,,,,,,,
533,8.16,1,9,7,-1.42,12,9,9,,,,,,,,,,,
534,3.45,1,14,3,0.38,2,0,6,,,,,,,,,,,
535,19.1,1,16,2,1.11,14,16,1,,,,,,,,,,,
536,7.61,1,14,6,-0.35,8,4,3,,,,,,,,,,,
537,5.36,1,13,1,0.89,12,13,2,,,,,,,,,,,
538,4.61,1,12,6,0.33,18,20,5,,,,,,,,,,,
539,8.75,1,12,4,-0.46,12,12,5,,,,,,,,,,,
540,13.59,1,12,2,1.23,10,12,1,,,,,,,,,,,
541,3.09,1,12,5,-1.04,8,8,3,,,,,,,,,,,
542,8.33,1,15,4,0.59,12,12,1,,,,,,,,,,,
543,6.17,1,12,2,0.06,12,12,2,,,,,,,,,,,
544,3.97,1,12,4,0.69,12,12,2,,,,,,,,,,,
545,7.38,1,12,3,-0.55,12,12,2,,,,,,,,,,,
546,4.09,1,12,4,-1.93,8,9,3,,,,,,,,,,,
547,5.15,1,12,7,-0.15,8,9,3,,,,,,,,,,,
548,5.69,1,12,8,-1.23,8,9,3,,,,,,,,,,,
549,5.58,1,12,2,-0.06,12,12,2,,,,,,,,,,,
550,11.13,1,13,8,0.05,12,14,3,,,,,,,,,,,
551,9.77,1,13,2,0.93,12,12,1,,,,,,,,,,,
552,8,1,12,4,-1.1,10,9,3,,,,,,,,,,,
553,10.07,1,12,3,-0.51,11,11,2,,,,,,,,,,,
554,11.94,1,12,2,0.32,11,12,2,,,,,,,,,,,
555,9.77,1,12,3,0.36,12,12,2,,,,,,,,,,,
556,2.01,1,12,15,0.64,12,12,1,,,,,,,,,,,
557,7.31,1,12,1,0.83,12,10,1,,,,,,,,,,,
558,8.93,1,18,9,0.79,16,16,2,,,,,,,,,,,
559,6.88,1,12,3,-1.12,12,12,1,,,,,,,,,,,
560,7.24,1,12,1,0.33,12,12,2,,,,,,,,,,,
561,5.52,1,13,4,-0.26,12,12,2,,,,,,,,,,,
562,11.35,1,11,2,-0.32,11,16,3,,,,,,,,,,,
563,6.17,1,11,1,0.94,12,12,2,,,,,,,,,,,
564,5.15,1,14,1,1.05,12,12,1,,,,,,,,,,,
565,6.75,1,13,3,1.03,12,11,1,,,,,,,,,,,
566,3.49,1,13,1,0.74,12,16,1,,,,,,,,,,,
567,10.69,1,16,2,0.34,12,15,2,,,,,,,,,,,
568,4.48,1,13,3,0.99,12,16,1,,,,,,,,,,,
569,5.52,1,12,3,-1.96,12,12,3,,,,,,,,,,,
570,8.75,1,12,3,0.76,13,13,5,,,,,,,,,,,
571,7.24,1,11,6,-0.75,8,9,4,,,,,,,,,,,
572,8.67,1,12,4,0.59,12,17,5,,,,,,,,,,,
573,8.16,1,12,2,0.78,12,12,2,,,,,,,,,,,
574,11.94,1,12,4,-0.94,12,8,3,,,,,,,,,,,
575,4.85,1,12,2,0.22,12,14,1,,,,,,,,,,,
576,10.8,1,12,9,0.89,12,12,4,,,,,,,,,,,
577,5,1,12,2,-0.08,12,12,2,,,,,,,,,,,
578,9.77,1,13,4,-0.5,12,12,2,,,,,,,,,,,
579,10.8,1,12,4,0.65,12,10,2,,,,,,,,,,,
580,4.52,1,10,9,-1.87,10,9,1,,,,,,,,,,,
581,12.67,1,12,3,-0.1,12,12,3,,,,,,,,,,,
582,5.58,1,12,2,-1.21,17,17,1,,,,,,,,,,,
583,7.84,1,12,8,-0.09,17,17,1,,,,,,,,,,,
584,9.58,1,9,10,-1.36,12,4,4,,,,,,,,,,,
585,7.02,1,12,8,-0.85,12,3,4,,,,,,,,,,,
586,6.35,1,12,7,0.11,9,12,2,,,,,,,,,,,
587,5,1,12,2,0.19,11,12,2,,,,,,,,,,,
588,6.61,1,11,2,0.04,12,12,6,,,,,,,,,,,
589,3.22,1,11,10,-2.5,12,12,7,,,,,,,,,,,
590,9.2,1,15,4,1.09,12,16,2,,,,,,,,,,,
591,14.73,1,15,5,-0.06,16,12,2,,,,,,,,,,,
592,4.17,1,14,3,1.32,12,12,0,,,,,,,,,,,
593,12.06,1,18,3,0.83,16,18,1,,,,,,,,,,,
594,5.05,1,12,5,0.38,12,14,3,,,,,,,,,,,
595,3.49,1,11,4,-1.7,7,8,5,,,,,,,,,,,
596,7.61,1,12,1,0.38,12,9,3,,,,,,,,,,,
597,6.75,1,11,1,0.87,12,11,3,,,,,,,,,,,
598,5.81,1,11,2,-0.34,12,11,3,,,,,,,,,,,
599,2.77,1,12,1,-0.94,12,12,2,,,,,,,,,,,
600,13.19,1,15,6,1.32,17,20,1,,,,,,,,,,,
601,8.16,1,11,4,0.37,11,11,6,,,,,,,,,,,
602,4.85,1,17,2,0.92,16,12,2,,,,,,,,,,,
603,6.82,1,11,8,-2.11,12,14,2,,,,,,,,,,,
604,5.52,1,12,4,-0.78,12,15,2,,,,,,,,,,,
605,5,1,12,1,0.31,12,12,1,,,,,,,,,,,
606,7.17,1,10,4,-0.12,11,9,3,,,,,,,,,,,
607,5.31,1,17,1,1.35,13,17,1,,,,,,,,,,,
608,35.87,1,14,6,0.49,12,12,5,,,,,,,,,,,
609,4.66,1,12,6,0.45,12,12,5,,,,,,,,,,,
610,6.48,1,15,4,0.48,6,13,11,,,,,,,,,,,
611,7.02,1,12,6,0.75,13,8,4,,,,,,,,,,,
612,9.2,1,12,9,-0.33,13,8,4,,,,,,,,,,,
613,7.38,1,13,9,0.24,12,12,0,,,,,,,,,,,
614,14.01,1,16,3,1.39,10,12,4,,,,,,,,,,,
615,5.05,1,10,4,-1.46,12,7,3,,,,,,,,,,,
616,11.24,1,12,3,0.13,12,12,3,,,,,,,,,,,
617,5.25,1,12,1,0.07,12,12,2,,,,,,,,,,,
618,5.15,1,12,5,0.14,12,13,2,,,,,,,,,,,
619,3.35,1,12,2,1.47,14,16,3,,,,,,,,,,,
620,11.7,1,12,4,0.41,10,12,6,,,,,,,,,,,
621,5.81,1,12,6,0.27,11,11,8,,,,,,,,,,,
622,6.17,1,12,3,-0.58,12,12,6,,,,,,,,,,,
623,7.38,1,11,2,0.17,12,12,6,,,,,,,,,,,
624,3.93,1,10,2,-0.77,12,12,6,,,,,,,,,,,
625,3.74,1,10,5,-0.77,12,12,6,,,,,,,,,,,
626,11.24,1,12,6,0.33,12,12,4,,,,,,,,,,,
627,34.12,1,20,6,1.43,12,12,3,,,,,,,,,,,
628,8.49,1,14,5,-0.71,12,12,4,,,,,,,,,,,
629,11.13,1,12,2,-0.58,12,12,4,,,,,,,,,,,
630,10.38,1,12,4,1.41,12,10,3,,,,,,,,,,,
631,12.55,1,12,2,0.93,12,8,3,,,,,,,,,,,
632,12.42,1,12,3,0.02,12,12,1,,,,,,,,,,,
633,5.47,1,12,2,0.82,12,12,1,,,,,,,,,,,
634,5.2,1,12,2,0.21,12,14,2,,,,,,,,,,,
635,4.9,1,11,1,1.31,14,14,6,,,,,,,,,,,
636,5,1,12,1,1.04,12,14,6,,,,,,,,,,,
637,3.97,1,9,2,1.55,10,12,2,,,,,,,,,,,
638,7.02,1,12,4,-1.22,12,12,5,,,,,,,,,,,
639,12.8,1,9,9,-0.74,12,12,4,,,,,,,,,,,
640,5.69,1,11,2,-0.74,12,12,3,,,,,,,,,,,
641,15.95,1,12,3,-0.81,10,8,0,,,,,,,,,,,
642,9.97,1,12,4,0.09,12,16,5,,,,,,,,,,,
643,5,1,11,1,-0.91,12,12,1,,,,,,,,,,,
644,6.61,1,11,14,0.08,11,12,1,,,,,,,,,,,
645,6.55,1,13,2,1.2,14,14,0,,,,,,,,,,,
646,9.97,1,12,5,-0.03,12,12,2,,,,,,,,,,,
647,6.68,1,13,2,1.08,12,12,2,,,,,,,,,,,
648,5.81,1,11,6,-0.4,11,6,4,,,,,,,,,,,
649,7.46,1,12,3,-0.31,12,10,0,,,,,,,,,,,
650,2.41,1,15,1,0.86,14,14,2,,,,,,,,,,,
651,9.02,1,13,2,-0.46,13,9,1,,,,,,,,,,,
652,6.55,1,12,2,0.44,12,11,0,,,,,,,,,,,
653,4.95,1,9,3,0.86,12,16,3,,,,,,,,,,,
654,6.68,1,11,2,-0.09,3,8,3,,,,,,,,,,,
655,7.02,1,11,2,0.58,11,10,4,,,,,,,,,,,
656,6.48,1,13,1,-0.32,12,12,2,,,,,,,,,,,
657,5.81,1,13,5,0.59,16,16,5,,,,,,,,,,,
658,8.41,1,15,3,0.83,16,16,5,,,,,,,,,,,
659,6.35,1,12,3,-0.02,12,14,1,,,,,,,,,,,
660,13.59,1,15,4,0.51,12,13,5,,,,,,,,,,,
661,9.39,1,12,4,-0.52,10,11,1,,,,,,,,,,,
662,6.95,1,12,3,0.06,12,6,2,,,,,,,,,,,
663,8.58,1,14,3,0.71,12,12,1,,,,,,,,,,,
664,3.74,1,12,3,0.29,11,12,0,,,,,,,,,,,
665,8.49,1,12,1,0.28,14,9,2,,,,,,,,,,,
666,5.15,1,15,2,0.4,14,16,2,,,,,,,,,,,
667,3.59,1,12,6,-0.23,12,10,1,,,,,,,,,,,
668,11.02,1,16,2,1.38,12,10,1,,,,,,,,,,,
669,3.66,1,15,11,1.34,12,18,2,,,,,,,,,,,
670,3.85,1,11,1,0,10,10,2,,,,,,,,,,,
671,6.95,1,12,2,-0.11,15,12,1,,,,,,,,,,,
672,14.58,1,16,3,0.22,13,16,1,,,,,,,,,,,
673,13.19,1,15,9,0.18,16,16,2,,,,,,,,,,,
674,8,1,15,4,0.68,12,18,2,,,,,,,,,,,
675,7.46,1,12,2,0.01,12,8,1,,,,,,,,,,,
676,11.58,1,12,6,0.27,12,12,1,,,,,,,,,,,
677,7.17,1,12,1,-0.34,12,12,1,,,,,,,,,,,
678,5.58,1,10,2,1.03,9,9,3,,,,,,,,,,,
679,14.15,1,16,2,1.8,17,16,1,,,,,,,,,,,
680,5.41,1,15,5,0.47,18,16,3,,,,,,,,,,,
681,15.48,1,16,2,1.05,16,16,5,,,,,,,,,,,
682,18.17,1,16,5,1.26,16,16,5,,,,,,,,,,,
683,5.36,1,13,6,0.72,16,16,5,,,,,,,,,,,
684,9.77,1,12,5,-0.18,12,12,3,,,,,,,,,,,
685,8.75,1,9,5,-1.28,9,9,5,,,,,,,,,,,
686,5.64,1,10,4,-2.28,9,9,5,,,,,,,,,,,
687,7.53,1,13,2,1.32,12,12,2,,,,,,,,,,,
688,13.46,1,12,7,0.57,10,9,1,,,,,,,,,,,
689,6.75,1,9,3,-1,8,8,6,,,,,,,,,,,
690,14.87,1,9,5,0.17,15,13,5,,,,,,,,,,,
691,6.95,1,9,3,-0.52,12,11,0,,,,,,,,,,,
692,5.81,1,12,2,-0.19,12,12,2,,,,,,,,,,,
693,3.59,1,9,9,-0.79,10,12,2,,,,,,,,,,,
694,11.13,1,12,8,0.08,10,12,2,,,,,,,,,,,
695,6.29,1,14,1,0.58,10,12,3,,,,,,,,,,,
696,3.97,1,12,3,0.35,16,13,3,,,,,,,,,,,
697,13.73,1,10,8,-0.6,9,7,4,,,,,,,,,,,
698,7.31,1,12,4,0.62,12,10,1,,,,,,,,,,,
699,8.33,1,15,3,0.95,12,9,1,,,,,,,,,,,
700,5.69,1,12,2,0.97,12,12,3,,,,,,,,,,,
701,5.41,1,11,1,-1.37,12,12,1,,,,,,,,,,,
702,6.35,1,10,3,-0.02,12,12,3,,,,,,,,,,,
703,4.48,1,13,1,0.39,12,16,3,,,,,,,,,,,
704,9.97,1,12,6,1.57,16,12,6,,,,,,,,,,,
705,7.38,1,12,7,0.26,12,10,1,,,,,,,,,,,
706,1.49,1,12,5,-0.73,11,12,3,,,,,,,,,,,
707,5.31,1,11,1,0.29,11,12,3,,,,,,,,,,,
708,5.58,1,11,5,-0.15,12,12,3,,,,,,,,,,,
709,5.47,1,10,15,0.37,12,12,3,,,,,,,,,,,
710,17.28,1,10,10,-0.24,12,10,1,,,,,,,,,,,
711,5.87,1,11,2,0.88,12,11,2,,,,,,,,,,,
712,12.18,1,12,4,-0.39,12,12,3,,,,,,,,,,,
713,5.58,1,11,1,0.14,12,10,1,,,,,,,,,,,
714,8.93,1,12,5,-0.8,12,12,2,,,,,,,,,,,
715,2.97,1,11,3,-1.71,9,6,8,,,,,,,,,,,
716,11.47,1,12,3,-0.8,16,12,5,,,,,,,,,,,
717,6.61,1,12,4,1.25,12,15,2,,,,,,,,,,,
718,15.48,1,13,4,-0.49,12,12,3,,,,,,,,,,,
719,7.61,1,12,3,0.1,12,9,5,,,,,,,,,,,
720,6.23,1,12,3,-1.46,12,4,3,,,,,,,,,,,
721,19.49,1,16,1,1.6,16,18,2,,,,,,,,,,,
722,5.75,1,12,2,0.25,15,16,2,,,,,,,,,,,
723,1.52,1,15,3,0.94,15,16,2,,,,,,,,,,,
724,9.67,1,15,3,0.96,12,16,6,,,,,,,,,,,
725,5,1,11,3,0.18,12,16,6,,,,,,,,,,,
726,13.87,1,12,3,-0.33,12,12,3,,,,,,,,,,,
727,6.55,1,11,4,-2.09,8,12,2,,,,,,,,,,,
728,7.92,1,12,2,0.87,12,12,2,,,,,,,,,,,
729,7.02,1,12,5,-0.38,12,12,2,,,,,,,,,,,
730,1.55,1,10,6,-0.4,12,12,2,,,,,,,,,,,
731,7.92,1,12,2,0.25,12,6,3,,,,,,,,,,,
732,19.88,1,14,4,1.49,14,12,4,,,,,,,,,,,
733,9.48,1,12,9,1.24,15,13,4,,,,,,,,,,,
734,4.85,1,13,2,1.55,15,12,4,,,,,,,,,,,
735,8.58,1,10,4,-1.19,12,12,5,,,,,,,,,,,
736,5.36,1,15,1,0.05,12,12,4,,,,,,,,,,,
737,5.87,1,11,1,1.28,14,16,1,,,,,,,,,,,
738,7.09,1,11,1,0.32,13,10,1,,,,,,,,,,,
739,7.24,1,12,4,1.21,10,12,5,,,,,,,,,,,
740,8,1,11,5,-0.9,10,12,5,,,,,,,,,,,
741,8.49,1,14,3,0.84,18,19,1,,,,,,,,,,,
742,4.39,1,11,2,0.84,10,11,2,,,,,,,,,,,
743,7.09,1,13,2,0.57,12,12,4,,,,,,,,,,,
744,6.23,1,16,3,0.57,12,12,4,,,,,,,,,,,
745,11.58,1,16,8,0.72,12,12,4,,,,,,,,,,,
746,5.25,1,12,0,0.94,12,12,2,,,,,,,,,,,
747,5.81,1,15,4,0.91,14,16,5,,,,,,,,,,,
748,5.2,1,11,2,1.1,12,12,3,,,,,,,,,,,
749,3.49,1,12,5,-0.25,12,12,1,,,,,,,,,,,
750,15.33,1,16,4,1.46,16,16,2,,,,,,,,,,,
751,6.82,1,12,7,0.03,10,12,2,,,,,,,,,,,
752,5,1,10,1,0.28,10,10,5,,,,,,,,,,,
753,12.3,1,13,4,1.38,14,17,3,,,,,,,,,,,
754,5.87,1,12,1,1.54,12,17,3,,,,,,,,,,,
755,4.66,1,12,3,-0.5,12,12,2,,,,,,,,,,,
756,4.75,1,12,1,0.99,12,12,3,,,,,,,,,,,
757,1.29,1,12,9,1.15,12,12,3,,,,,,,,,,,
758,7.17,1,13,5,0.35,12,12,4,,,,,,,,,,,
759,8.75,1,12,4,0.22,12,12,2,,,,,,,,,,,
760,7.02,1,12,1,0.33,12,11,2,,,,,,,,,,,
761,4.66,1,12,2,-1.24,12,12,2,,,,,,,,,,,
762,5.15,1,14,1,0.99,12,12,2,,,,,,,,,,,
763,8.08,1,12,2,0.95,12,12,7,,,,,,,,,,,
764,6.11,1,12,5,-1.02,12,12,4,,,,,,,,,,,
765,7.92,1,12,3,0.24,12,12,4,,,,,,,,,,,
766,6.48,1,12,2,0.33,12,12,3,,,,,,,,,,,
767,5.98,1,10,2,0.21,12,12,3,,,,,,,,,,,
768,6.88,1,12,4,1.33,12,9,2,,,,,,,,,,,
769,9.87,1,12,2,0.65,8,8,0,,,,,,,,,,,
770,6.68,1,12,3,-0.39,8,8,4,,,,,,,,,,,
771,5.81,1,12,2,-0.93,12,12,2,,,,,,,,,,,
772,4.95,1,12,2,0.75,12,18,3,,,,,,,,,,,
773,4.43,1,11,2,1.08,12,9,5,,,,,,,,,,,
774,17.28,1,11,5,0,12,12,1,,,,,,,,,,,
775,5,1,11,1,1.24,12,12,2,,,,,,,,,,,
776,6.95,1,12,1,-2.03,11,9,3,,,,,,,,,,,
777,5.41,1,11,1,1.42,7,12,5,,,,,,,,,,,
778,3.28,1,11,1,0.61,12,12,2,,,,,,,,,,,
779,7.92,1,14,2,1.08,12,9,2,,,,,,,,,,,
780,5.98,1,11,1,1.03,12,12,1,,,,,,,,,,,
781,3.89,1,14,3,0.89,12,12,3,,,,,,,,,,,
782,6.35,1,12,4,0.07,8,8,3,,,,,,,,,,,
783,1.56,1,12,6,0.82,12,12,5,,,,,,,,,,,
784,8.93,1,12,3,-1.04,12,12,10,,,,,,,,,,,
785,2.11,1,12,6,1.43,12,12,1,,,,,,,,,,,
786,10.69,1,12,2,0.12,9,8,1,,,,,,,,,,,
787,13.06,1,10,6,-1.33,8,2,12,,,,,,,,,,,
788,5,1,12,2,0.4,10,8,3,,,,,,,,,,,
789,8.75,1,18,1,1.61,14,8,1,,,,,,,,,,,
790,12.93,1,10,9,-1.64,15,12,1,,,,,,,,,,,
791,11.02,1,10,3,0.22,8,7,3,,,,,,,,,,,
792,7.61,1,12,3,-1.23,12,12,1,,,,,,,,,,,
793,5.98,1,9,3,0.66,9,8,4,,,,,,,,,,,
794,7.76,1,12,3,0.46,12,12,2,,,,,,,,,,,
795,9.58,1,12,5,1.02,12,10,2,,,,,,,,,,,
796,9.87,1,15,4,0.64,12,8,1,,,,,,,,,,,
797,2.36,1,9,9,-0.63,12,8,1,,,,,,,,,,,
798,7.02,1,12,4,0.91,10,12,5,,,,,,,,,,,
799,14.15,1,13,12,0.26,12,10,3,,,,,,,,,,,
800,10.48,1,15,2,0.16,14,16,1,,,,,,,,,,,
801,11.13,1,12,3,0.59,11,12,2,,,,,,,,,,,
802,16.94,1,15,3,0.36,12,12,2,,,,,,,,,,,
803,8,1,12,5,1.02,12,12,3,,,,,,,,,,,
804,4.8,1,10,6,-0.19,12,12,3,,,,,,,,,,,
805,6.11,1,12,1,1.75,12,13,2,,,,,,,,,,,
806,6.55,1,16,1,1.12,12,12,1,,,,,,,,,,,
807,6.95,1,14,2,1.32,16,18,1,,,,,,,,,,,
808,6.55,1,12,9,-0.33,3,0,4,,,,,,,,,,,
809,6.17,1,15,5,-0.43,0,0,4,,,,,,,,,,,
810,2.07,1,15,9,0.02,6,6,8,,,,,,,,,,,
811,6.23,1,17,9,1.1,4,14,8,,,,,,,,,,,
812,8.33,1,10,6,0.4,4,14,8,,,,,,,,,,,
813,5.98,1,9,7,-1.77,6,8,7,,,,,,,,,,,
814,4.8,1,9,5,-1.95,8,5,2,,,,,,,,,,,
815,3.49,1,10,15,-1.63,9,6,7,,,,,,,,,,,
816,12.3,1,9,6,-1.84,6,4,10,,,,,,,,,,,
817,14.43,1,13,6,0.87,12,14,3,,,,,,,,,,,
818,10.91,1,14,1,1.43,15,15,4,,,,,,,,,,,
819,7.61,1,17,2,0.79,18,19,2,,,,,,,,,,,
820,2.77,1,15,4,-0.88,6,10,7,,,,,,,,,,,
821,2.74,1,14,7,0.4,6,5,7,,,,,,,,,,,
822,1.97,1,12,4,-0.18,10,5,6,,,,,,,,,,,
823,5.98,1,14,2,0.65,5,0,8,,,,,,,,,,,
824,5.25,1,14,1,0.19,5,6,8,,,,,,,,,,,
825,6.23,1,12,3,-1.52,0,0,9,,,,,,,,,,,
826,5.05,1,12,5,-1.38,6,2,6,,,,,,,,,,,
827,6.11,1,12,3,-0.28,11,5,1,,,,,,,,,,,
828,8,1,15,5,0.71,12,14,1,,,,,,,,,,,
829,5,1,13,4,1.06,12,14,3,,,,,,,,,,,
830,5,1,13,1,1.08,12,16,1,,,,,,,,,,,
831,4.43,1,13,2,1.05,12,10,0,,,,,,,,,,,
832,19.49,1,13,10,0.33,12,13,1,,,,,,,,,,,
833,8.84,1,10,4,-0.05,9,7,3,,,,,,,,,,,
834,7.92,1,12,4,-0.03,11,4,2,,,,,,,,,,,
835,9.2,1,12,3,0.14,11,12,2,,,,,,,,,,,
836,7.17,1,9,8,-1.58,11,5,1,,,,,,,,,,,
837,4.66,1,12,3,0.05,12,12,5,,,,,,,,,,,
838,6.23,1,14,7,-0.25,12,12,2,,,,,,,,,,,
839,4.34,1,9,7,0.77,9,10,2,,,,,,,,,,,
840,8.16,1,12,4,-1.13,9,10,2,,,,,,,,,,,
841,7.02,1,14,3,0.71,4,7,5,,,,,,,,,,,
842,10.38,1,14,11,0.94,5,8,5,,,,,,,,,,,
843,9.77,1,12,4,-1.44,9,9,3,,,,,,,,,,,
844,6.48,1,12,3,-2.19,9,10,2,,,,,,,,,,,
845,15.02,1,12,2,-0.22,12,5,2,,,,,,,,,,,
846,7.46,1,11,2,-2.09,12,9,2,,,,,,,,,,,
847,8.93,1,12,8,0.44,9,10,2,,,,,,,,,,,
848,14.87,1,15,5,1.41,12,12,1,,,,,,,,,,,
849,8.08,1,10,4,-1.06,10,9,0,,,,,,,,,,,
850,12.18,1,12,3,-0.8,10,12,3,,,,,,,,,,,
851,4.71,1,14,1,0.8,12,12,4,,,,,,,,,,,
852,5.52,1,13,1,-0.32,12,12,4,,,,,,,,,,,
853,15.18,1,12,8,-1.26,7,12,0,,,,,,,,,,,
854,3.66,1,12,4,-0.69,12,12,3,,,,,,,,,,,
855,5.41,1,13,4,0.42,12,12,3,,,,,,,,,,,
856,8.49,1,9,6,0.63,9,12,3,,,,,,,,,,,
857,7.46,1,11,4,0.37,14,8,0,,,,,,,,,,,
858,10.91,1,12,2,0.55,12,11,3,,,,,,,,,,,
859,5.05,1,10,4,-0.7,12,11,1,,,,,,,,,,,
860,10.48,1,14,6,1.43,12,8,2,,,,,,,,,,,
861,6.95,1,13,2,0.87,12,10,2,,,,,,,,,,,
862,6.95,1,13,4,0.14,16,13,1,,,,,,,,,,,
863,11.02,1,17,1,1.44,16,20,2,,,,,,,,,,,
864,10.07,1,12,5,-0.41,12,12,0,,,,,,,,,,,
865,7.69,1,12,3,0.52,10,10,1,,,,,,,,,,,
866,5.36,1,11,2,0.78,12,13,6,,,,,,,,,,,
867,10.07,1,15,3,0.82,12,13,2,,,,,,,,,,,
868,14.73,1,16,2,2.01,14,15,1,,,,,,,,,,,
869,11.7,1,15,5,0.13,15,16,5,,,,,,,,,,,
870,17.99,1,12,3,1.05,15,16,5,,,,,,,,,,,
871,7.24,1,12,2,-0.19,15,16,5,,,,,,,,,,,
872,8.93,1,17,8,1.55,12,12,3,,,,,,,,,,,
873,9.97,1,9,7,-2.47,10,12,3,,,,,,,,,,,
874,22.87,1,15,5,0.7,16,16,5,,,,,,,,,,,
875,8.49,1,12,5,-0.61,12,11,2,,,,,,,,,,,
876,5.98,1,12,1,-1.04,10,9,4,,,,,,,,,,,
877,15.33,1,12,1,-0.04,16,16,2,,,,,,,,,,,
878,15.95,1,16,4,1.58,16,17,1,,,,,,,,,,,
879,12.67,1,15,6,-0.09,16,18,3,,,,,,,,,,,
880,18.54,1,15,3,1.01,16,17,3,,,,,,,,,,,
881,1.84,1,15,2,1.2,15,16,1,,,,,,,,,,,
882,7.02,1,15,3,1.01,16,16,2,,,,,,,,,,,
883,8.24,1,15,2,1.05,17,17,2,,,,,,,,,,,
884,13.73,1,16,2,1.4,16,17,2,,,,,,,,,,,
885,10.91,1,11,7,-2.05,10,12,3,,,,,,,,,,,
886,10.91,1,14,4,0.55,10,8,1,,,,,,,,,,,
887,5.98,1,12,2,-0.16,12,12,6,,,,,,,,,,,
888,13.73,1,12,4,-0.57,12,14,6,,,,,,,,,,,
889,8.58,1,10,4,0.46,12,12,5,,,,,,,,,,,
890,7.24,1,12,2,-0.16,12,12,5,,,,,,,,,,,
891,15.95,1,15,4,0.78,17,12,3,,,,,,,,,,,
892,7.02,1,11,3,0.92,17,12,3,,,,,,,,,,,
893,6.48,1,10,2,0.63,16,12,2,,,,,,,,,,,
894,2.48,1,15,1,0.76,18,20,2,,,,,,,,,,,
895,6.68,1,12,4,0,16,10,3,,,,,,,,,,,
896,6.82,1,12,2,0.27,12,14,3,,,,,,,,,,,
897,5.31,1,10,2,-0.26,7,12,1,,,,,,,,,,,
898,5.2,1,10,2,-1.92,12,7,4,,,,,,,,,,,
899,8.24,1,15,5,0.24,14,16,3,,,,,,,,,,,
900,5.81,1,12,1,0.58,14,16,3,,,,,,,,,,,
901,14.87,1,15,4,0.6,12,16,5,,,,,,,,,,,
902,9.48,1,14,3,0.15,16,16,1,,,,,,,,,,,
903,2.27,1,12,3,-1.57,9,8,4,,,,,,,,,,,
904,4.9,1,11,3,0,7,12,2,,,,,,,,,,,
905,5.58,1,11,1,-0.19,7,12,2,,,,,,,,,,,
906,2.88,1,10,6,-0.72,12,12,4,,,,,,,,,,,
907,5,1,14,3,1.11,12,12,2,,,,,,,,,,,
908,6.61,1,11,3,0.12,12,14,3,,,,,,,,,,,
909,5.81,1,11,4,-0.22,12,12,6,,,,,,,,,,,
910,7.38,1,18,1,1.02,16,12,1,,,,,,,,,,,
911,4.13,1,13,4,-0.28,12,12,3,,,,,,,,,,,
912,6.11,1,11,1,1.41,16,18,3,,,,,,,,,,,
913,18.72,1,15,4,1.69,13,18,3,,,,,,,,,,,
914,5.58,1,11,1,1.5,13,18,3,,,,,,,,,,,
915,7.92,1,13,0,0.84,12,12,1,,,,,,,,,,,
916,3.63,1,12,3,0.63,15,10,4,,,,,,,,,,,
917,10.59,1,12,3,0.87,12,12,3,,,,,,,,,,,
918,7.92,1,12,3,0.47,11,11,4,,,,,,,,,,,
919,13.32,1,12,3,0.79,8,8,3,,,,,,,,,,,
920,37.33,1,13,2,-0.25,12,11,1,,,,,,,,,,,
921,6.48,1,13,1,0.18,12,12,2,,,,,,,,,,,
922,5.81,1,13,1,0.78,12,12,2,,,,,,,,,,,
923,7.38,1,14,1,1.01,14,14,4,,,,,,,,,,,
924,5.81,1,11,1,0.46,14,14,4,,,,,,,,,,,
925,3.81,1,14,2,-0.19,12,12,3,,,,,,,,,,,
926,4.95,1,11,1,-0.36,8,8,1,,,,,,,,,,,
927,9.11,1,13,1,-0.26,16,14,4,,,,,,,,,,,
928,6.17,1,12,5,-0.76,9,8,8,,,,,,,,,,,
929,14.15,1,12,3,-0.36,12,15,6,,,,,,,,,,,
930,6.35,1,12,3,0.37,11,11,4,,,,,,,,,,,
931,12.18,1,12,3,0.44,12,12,1,,,,,,,,,,,
932,8.41,1,12,6,-1.38,12,8,2,,,,,,,,,,,
933,3.52,1,12,5,1.24,8,8,2,,,,,,,,,,,
934,8.16,1,13,4,-1.34,12,12,5,,,,,,,,,,,
935,15.33,1,15,3,1.09,16,16,1,,,,,,,,,,,
936,7.02,1,12,4,-0.43,11,11,6,,,,,,,,,,,
937,7.76,1,14,1,0.04,12,12,3,,,,,,,,,,,
938,11.7,1,15,2,0.91,11,12,1,,,,,,,,,,,
939,13.73,1,15,4,1.23,12,16,2,,,,,,,,,,,
940,5,1,14,3,1.24,12,10,2,,,,,,,,,,,
941,7.92,1,12,4,-1.01,12,12,2,,,,,,,,,,,
942,18.35,1,12,5,-0.05,9,11,3,,,,,,,,,,,
943,5.31,1,11,2,-1.39,12,12,5,,,,,,,,,,,
944,5.41,1,12,4,0.33,12,12,2,,,,,,,,,,,
945,16.11,1,15,4,0.8,16,14,3,,,,,,,,,,,
946,10.38,1,15,1,0.55,12,12,2,,,,,,,,,,,
947,8.33,1,12,3,-0.62,12,12,4,,,,,,,,,,,
948,5.05,1,12,1,0.56,12,10,1,,,,,,,,,,,
949,7.46,1,13,2,0,12,12,3,,,,,,,,,,,
950,7.46,1,15,4,1.3,12,14,2,,,,,,,,,,,
951,10.48,1,16,3,1.2,16,20,1,,,,,,,,,,,
952,6.35,1,12,6,-1.48,12,10,2,,,,,,,,,,,
953,11.13,1,15,3,0.76,12,15,5,,,,,,,,,,,
954,5.2,1,12,2,-0.16,12,12,0,,,,,,,,,,,
955,9.02,1,15,3,0.79,12,13,4,,,,,,,,,,,
956,6.48,1,14,5,0.16,14,20,2,,,,,,,,,,,
957,4.01,1,14,2,-0.33,14,20,2,,,,,,,,,,,
958,6.55,1,15,4,1.27,14,16,3,,,,,,,,,,,
959,9.39,1,15,2,1.11,17,16,1,,,,,,,,,,,
960,9.97,1,16,1,1.33,16,16,1,,,,,,,,,,,
961,20.69,1,17,3,1.19,16,20,2,,,,,,,,,,,
962,11.82,1,20,3,1.48,16,20,2,,,,,,,,,,,
963,32.13,1,20,5,0.59,16,20,2,,,,,,,,,,,
964,13.19,1,16,3,0.54,12,19,3,,,,,,,,,,,
965,86.48,1,18,10,0.75,16,16,1,,,,,,,,,,,
966,7.17,1,15,4,0.4,16,16,2,,,,,,,,,,,
967,16.28,1,17,1,1.58,15,7,2,,,,,,,,,,,
968,5.69,1,12,2,0.73,12,12,4,,,,,,,,,,,
969,7.84,1,11,4,-0.58,12,11,0,,,,,,,,,,,
970,11.13,1,12,1,0.5,12,12,2,,,,,,,,,,,
971,8.49,1,12,2,0.91,12,12,4,,,,,,,,,,,
972,11.7,1,12,3,-0.36,10,8,4,,,,,,,,,,,
973,5.31,1,11,2,-0.01,10,8,4,,,,,,,,,,,
974,9.58,1,12,4,-0.17,12,11,3,,,,,,,,,,,
975,14.87,1,12,2,1.06,11,12,3,,,,,,,,,,,
976,10.38,1,12,2,0.38,12,10,2,,,,,,,,,,,
977,5.41,1,12,4,0.37,12,12,6,,,,,,,,,,,
978,8.49,1,12,7,0.3,12,16,5,,,,,,,,,,,
979,5.69,1,13,1,1.39,12,16,5,,,,,,,,,,,
980,3.25,1,11,1,0.67,12,16,5,,,,,,,,,,,
981,3.32,1,12,4,0.89,12,16,5,,,,,,,,,,,
982,13.87,1,17,5,0.56,15,16,1,,,,,,,,,,,
983,9.11,1,13,5,1.21,11,16,1,,,,,,,,,,,
984,12.55,1,19,4,0.94,14,16,1,,,,,,,,,,,
985,7.24,1,10,4,-0.53,9,12,2,,,,,,,,,,,
986,7.24,1,12,5,-0.08,12,8,4,,,,,,,,,,,
987,4.95,1,12,1,0.42,12,10,4,,,,,,,,,,,
988,3.7,1,16,1,1.39,12,12,3,,,,,,,,,,,
989,2.11,1,12,4,0.11,12,8,1,,,,,,,,,,,
990,8.67,1,12,3,0.13,12,8,4,,,,,,,,,,,
991,11.13,1,12,4,1.42,12,20,2,,,,,,,,,,,
992,6.35,1,19,4,1.23,17,17,2,,,,,,,,,,,
993,8.24,1,17,7,1.39,17,17,2,,,,,,,,,,,
994,12.3,1,15,5,0.99,12,11,2,,,,,,,,,,,
995,5.75,1,11,2,-1.29,3,5,5,,,,,,,,,,,
996,10.8,1,12,10,-1.08,5,8,3,,,,,,,,,,,
997,8.49,1,9,13,-2.41,3,6,4,,,,,,,,,,,
998,7.24,1,15,2,1,12,14,2,,,,,,,,,,,
999,16.6,1,12,6,0.5,12,12,3,,,,,,,,,,,
1000,11.13,1,12,3,-0.78,12,12,3,,,,,,,,,,,
1001,4.66,1,13,5,-0.24,5,14,2,,,,,,,,,,,
1002,5.75,1,10,3,-0.51,2,16,2,,,,,,,,,,,
1003,7.24,1,12,4,-1.57,2,16,2,,,,,,,,,,,
1004,4.26,1,13,5,0.04,8,8,1,,,,,,,,,,,
1005,5.41,1,15,2,0.95,12,12,2,,,,,,,,,,,
1006,5.25,1,13,1,0.78,12,12,2,,,,,,,,,,,
1007,5.52,1,9,18,-2.46,16,11,2,,,,,,,,,,,
1008,5.75,1,9,11,0.2,16,11,2,,,,,,,,,,,
1009,3.52,1,10,4,-1.8,9,6,6,,,,,,,,,,,
1010,7.92,1,11,2,0.67,5,8,6,,,,,,,,,,,
1011,5.75,1,12,2,1.18,5,12,2,,,,,,,,,,,
1012,5,1,12,3,0.35,12,12,2,,,,,,,,,,,
1013,9.97,1,12,4,-0.98,9,8,1,,,,,,,,,,,
1014,4.3,1,10,8,-0.11,12,16,3,,,,,,,,,,,
1015,3.18,1,12,6,0.47,12,12,4,,,,,,,,,,,
1016,4.52,1,12,2,-1.15,12,12,2,,,,,,,,,,,
1017,5.41,1,11,3,-1.11,13,14,3,,,,,,,,,,,
1018,5.36,1,14,0,-0.37,13,14,3,,,,,,,,,,,
1019,3.56,1,13,7,-0.13,12,12,4,,,,,,,,,,,
1020,10.91,1,12,8,-0.76,12,12,5,,,,,,,,,,,
1021,7.24,1,12,3,0.24,12,11,5,,,,,,,,,,,
1022,15.18,1,12,3,-0.12,12,12,7,,,,,,,,,,,
1023,7.92,1,12,1,0.53,12,12,7,,,,,,,,,,,
1024,7.76,1,11,1,1.35,12,12,2,,,,,,,,,,,
1025,4.57,1,12,1,1.56,12,12,2,,,,,,,,,,,
1026,7.46,1,11,2,0.86,12,12,2,,,,,,,,,,,
1027,6.35,1,11,2,0.57,12,12,1,,,,,,,,,,,
1028,5.31,1,11,1,0.87,12,12,9,,,,,,,,,,,
1029,15.95,1,12,5,0.63,12,19,3,,,,,,,,,,,
1030,5.1,1,13,2,1.44,17,17,2,,,,,,,,,,,
1031,7.46,1,11,1,0.31,12,8,0,,,,,,,,,,,
1032,7.92,1,10,1,0.7,12,12,3,,,,,,,,,,,
1033,5.98,1,12,2,0.27,12,11,4,,,,,,,,,,,
1034,17.99,1,12,4,0.26,12,12,4,,,,,,,,,,,
1035,15.48,1,12,1,-0.58,12,12,4,,,,,,,,,,,
1036,6.95,1,11,2,-0.19,12,12,1,,,,,,,,,,,
1037,11.02,1,12,6,-0.34,8,12,0,,,,,,,,,,,
1038,5.58,1,13,1,1.52,12,12,3,,,,,,,,,,,
1039,6.42,1,12,4,0.98,12,12,3,,,,,,,,,,,
1040,23.8,1,16,2,0.56,16,17,4,,,,,,,,,,,
1041,13.46,1,14,2,-0.44,16,17,4,,,,,,,,,,,
1042,15.95,1,13,4,0.23,16,14,2,,,,,,,,,,,
1043,6.17,1,12,4,1.16,13,12,4,,,,,,,,,,,
1044,21.11,1,15,2,1.81,16,16,6,,,,,,,,,,,
1045,5.31,1,11,3,-1.14,6,6,4,,,,,,,,,,,
1046,8,1,15,2,1.11,16,12,2,,,,,,,,,,,
1047,8.33,1,12,3,-0.36,12,8,1,,,,,,,,,,,
1048,16.6,1,12,3,0.37,14,12,4,,,,,,,,,,,
1049,4.13,1,12,4,-0.79,12,12,2,,,,,,,,,,,
1050,6.35,1,11,1,1.02,16,13,5,,,,,,,,,,,
1051,4.85,1,13,1,-0.08,16,13,5,,,,,,,,,,,
1052,17.46,1,15,4,1.16,12,16,3,,,,,,,,,,,
1053,5.58,1,13,1,1.03,12,16,3,,,,,,,,,,,
1054,7.92,1,14,1,0.83,12,12,2,,,,,,,,,,,
1055,9.97,1,12,2,-0.09,12,12,3,,,,,,,,,,,
1056,7.02,1,12,1,0.09,12,10,3,,,,,,,,,,,
1057,5.98,1,10,1,-0.5,12,10,3,,,,,,,,,,,
1058,5.75,1,10,1,-0.95,12,10,3,,,,,,,,,,,
1059,11.94,1,12,5,0.19,12,12,2,,,,,,,,,,,
1060,21.97,1,12,5,-0.25,12,12,2,,,,,,,,,,,
1061,12.06,1,13,3,-1.64,3,1,8,,,,,,,,,,,
1062,3.97,1,12,4,-1.79,5,0,3,,,,,,,,,,,
1063,5,1,9,3,-1.65,5,12,3,,,,,,,,,,,
1064,12.3,1,12,5,-0.04,12,12,0,,,,,,,,,,,
1065,8.24,1,12,6,0.49,12,8,6,,,,,,,,,,,
1066,10.69,1,12,5,0.44,10,10,3,,,,,,,,,,,
1067,17.99,1,12,4,-0.37,12,12,3,,,,,,,,,,,
1068,10.48,1,12,5,-0.18,9,10,3,,,,,,,,,,,
1069,16.28,1,12,4,0.58,12,12,5,,,,,,,,,,,
1070,3.74,1,12,5,1.01,14,12,3,,,,,,,,,,,
1071,3.56,1,11,3,-0.95,10,8,5,,,,,,,,,,,
1072,7.92,1,12,2,-0.19,9,12,2,,,,,,,,,,,
1073,7.46,1,12,1,-0.73,12,12,3,,,,,,,,,,,
1074,8.84,1,12,2,0.21,12,12,3,,,,,,,,,,,
1075,9.11,1,15,5,-1.07,12,12,6,,,,,,,,,,,
1076,5.87,1,14,1,0.91,12,12,2,,,,,,,,,,,
1077,10.48,1,12,3,-0.24,12,10,6,,,,,,,,,,,
1078,5.98,1,13,2,0.01,12,10,6,,,,,,,,,,,
1079,9.2,1,13,2,0.37,12,10,6,,,,,,,,,,,
1080,6.17,1,15,3,1.24,14,16,2,,,,,,,,,,,
1081,8.75,1,13,2,1.25,12,12,1,,,,,,,,,,,
1082,15.33,1,15,2,1.33,16,18,3,,,,,,,,,,,
1083,5.75,1,11,2,0.53,9,9,6,,,,,,,,,,,
1084,8.16,1,12,2,0.92,11,9,8,,,,,,,,,,,
1085,5.31,1,12,5,1.05,9,13,4,,,,,,,,,,,
1086,2.97,1,12,4,-1.86,12,10,4,,,,,,,,,,,
1087,8.58,1,12,3,-1.34,10,8,9,,,,,,,,,,,
1088,9.58,1,12,4,-1.12,10,8,9,,,,,,,,,,,
1089,10.27,1,12,2,0.79,12,12,4,,,,,,,,,,,
1090,9.02,1,12,2,-0.45,12,12,4,,,,,,,,,,,
1091,6.55,1,9,6,-1.44,9,9,4,,,,,,,,,,,
1092,13.19,1,12,4,0.22,12,12,4,,,,,,,,,,,
1093,10.91,1,12,5,0.14,8,8,2,,,,,,,,,,,
1094,8.49,1,12,2,0.76,12,13,1,,,,,,,,,,,
1095,17.99,1,15,5,0.52,12,12,3,,,,,,,,,,,
1096,8.49,1,10,2,1.04,12,14,1,,,,,,,,,,,
1097,14.43,1,16,2,1.42,12,14,1,,,,,,,,,,,
1098,11.94,1,15,4,1.23,12,12,2,,,,,,,,,,,
1099,12.67,1,13,5,0.82,12,16,2,,,,,,,,,,,
1100,8.49,1,12,3,0.82,12,16,2,,,,,,,,,,,
1101,12.42,1,12,2,0.43,12,12,2,,,,,,,,,,,
1102,4.39,1,12,7,1.39,12,11,3,,,,,,,,,,,
1103,6.17,1,12,1,0.62,12,12,6,,,,,,,,,,,
1104,6.11,1,11,1,1.09,12,12,6,,,,,,,,,,,
1105,10.48,1,12,2,-0.02,12,13,8,,,,,,,,,,,
1106,2.45,1,12,2,-0.09,12,12,8,,,,,,,,,,,
1107,13.06,1,12,2,-0.52,12,12,1,,,,,,,,,,,
1108,5.52,1,12,2,0.41,12,12,1,,,,,,,,,,,
1109,7.53,1,12,3,0.69,12,8,4,,,,,,,,,,,
1110,14.15,1,12,5,0.4,11,12,3,,,,,,,,,,,
1111,5.47,1,10,1,0,9,9,3,,,,,,,,,,,
1112,2.8,1,10,10,-0.38,12,12,1,,,,,,,,,,,
1113,12.18,1,15,3,0.77,14,15,3,,,,,,,,,,,
1114,2.41,1,12,7,-0.3,12,12,4,,,,,,,,,,,
1115,5.64,1,12,1,1.19,13,12,4,,,,,,,,,,,
1116,5.05,1,10,4,1.25,12,9,3,,,,,,,,,,,
1117,6.04,1,12,3,0.29,11,15,5,,,,,,,,,,,
1118,4.85,1,11,1,0.53,12,12,2,,,,,,,,,,,
1119,5.41,1,11,2,0.35,12,10,2,,,,,,,,,,,
1120,9.67,1,12,5,-1.72,12,9,1,,,,,,,,,,,
1121,8.41,1,12,8,-2.46,12,9,1,,,,,,,,,,,
1122,5.05,1,12,1,1.27,12,11,0,,,,,,,,,,,
1123,6.55,1,10,5,-1.18,12,11,5,,,,,,,,,,,
1124,3.93,1,9,6,-1.45,12,11,4,,,,,,,,,,,
1125,9.02,1,9,11,-2.19,9,10,3,,,,,,,,,,,
1126,4.75,1,12,3,-2.3,9,10,3,,,,,,,,,,,
1127,10.48,1,16,1,-0.44,16,12,2,,,,,,,,,,,
1128,14.87,1,12,6,-0.69,9,12,5,,,,,,,,,,,
1129,13.87,1,10,6,0.11,12,8,5,,,,,,,,,,,
1130,4.48,1,15,5,0.37,12,7,2,,,,,,,,,,,
1131,1.73,1,11,13,-2.08,8,5,8,,,,,,,,,,,
1132,5,1,12,2,-2,8,6,8,,,,,,,,,,,
1133,6.75,1,12,1,0.94,12,12,0,,,,,,,,,,,
1134,21.32,1,18,4,1.63,14,16,3,,,,,,,,,,,
1135,5.52,1,15,6,0.68,16,16,2,,,,,,,,,,,
1136,9.97,1,16,5,0.23,16,16,2,,,,,,,,,,,
1137,5.98,1,11,2,0.5,12,16,5,,,,,,,,,,,
1138,8.24,1,15,3,0.23,16,18,8,,,,,,,,,,,
1139,5.98,1,13,1,0.29,16,16,7,,,,,,,,,,,
1140,10.07,1,20,3,1.25,20,20,1,,,,,,,,,,,
1141,7.24,1,17,3,0.92,20,20,1,,,,,,,,,,,
1142,6.35,1,9,4,-0.19,14,14,2,,,,,,,,,,,
1143,9.97,1,11,4,-0.04,12,10,4,,,,,,,,,,,
1144,6.95,1,13,4,-0.05,12,12,4,,,,,,,,,,,
1145,4.8,1,14,2,0.8,12,12,7,,,,,,,,,,,
1146,12.42,1,12,1,0.91,12,12,7,,,,,,,,,,,
1147,10.69,1,15,5,0.96,16,18,4,,,,,,,,,,,
1148,12.3,1,12,6,0.36,5,5,2,,,,,,,,,,,
1149,18.91,1,12,3,0.7,11,9,4,,,,,,,,,,,
1150,5.41,1,12,2,0.94,16,11,3,,,,,,,,,,,
1151,4.66,1,10,9,0.4,11,14,2,,,,,,,,,,,
1152,6.29,1,12,4,1.14,11,12,2,,,,,,,,,,,
1153,4.85,1,13,6,-0.44,12,12,1,,,,,,,,,,,
1154,6.11,1,11,3,1.7,12,19,2,,,,,,,,,,,
1155,5.58,1,11,1,1.57,12,11,1,,,,,,,,,,,
1156,6.95,1,15,5,0.69,12,12,2,,,,,,,,,,,
1157,10.91,1,13,4,-0.49,11,12,0,,,,,,,,,,,
1158,7.46,1,10,5,0.52,12,12,3,,,,,,,,,,,
1159,6.11,1,12,1,0.66,12,12,3,,,,,,,,,,,
1160,7.02,1,9,4,0.04,12,12,3,,,,,,,,,,,
1161,6.04,1,17,1,1.6,12,18,1,,,,,,,,,,,
1162,5.31,1,12,1,0.09,12,12,2,,,,,,,,,,,
1163,3.7,1,12,3,-0.82,12,12,1,,,,,,,,,,,
1164,5.75,1,11,1,1.16,12,10,3,,,,,,,,,,,
1165,8.41,1,12,2,0.42,11,12,3,,,,,,,,,,,
1166,6.29,1,10,2,-0.04,12,12,3,,,,,,,,,,,
1167,7.92,1,11,7,0.39,12,10,1,,,,,,,,,,,
1168,12.8,1,14,2,0.67,10,8,3,,,,,,,,,,,
1169,7.92,1,12,2,0.88,12,13,2,,,,,,,,,,,
1170,6.04,1,12,9,0.09,12,10,0,,,,,,,,,,,
1171,11.94,1,15,3,1.09,15,14,3,,,,,,,,,,,
1172,13.19,1,12,5,0.82,15,17,1,,,,,,,,,,,
1173,16.44,1,12,4,-0.5,12,12,2,,,,,,,,,,,
1174,3.93,1,15,4,0.99,18,18,1,,,,,,,,,,,
1175,8.41,1,15,5,0.66,16,18,2,,,,,,,,,,,
1176,5.36,1,12,6,-0.18,12,17,6,,,,,,,,,,,
1177,2.55,1,10,2,1.45,12,12,2,,,,,,,,,,,
1178,12.18,1,15,4,1.09,12,18,3,,,,,,,,,,,
1179,4.13,1,15,4,1.12,16,19,1,,,,,,,,,,,
1180,11.7,1,12,2,-0.17,9,10,0,,,,,,,,,,,
1181,4.34,1,11,3,0.13,11,12,3,,,,,,,,,,,
1182,6.48,1,11,3,-0.58,12,12,3,,,,,,,,,,,
1183,6.35,1,11,1,0.37,12,12,2,,,,,,,,,,,
1184,6.55,1,9,6,-0.33,12,12,3,,,,,,,,,,,
1185,6.04,1,12,10,0.01,12,12,3,,,,,,,,,,,
1186,4.95,1,11,2,1.18,15,13,2,,,,,,,,,,,
1187,5.87,1,12,8,0.12,12,12,4,,,,,,,,,,,
1188,15.02,1,12,3,0.29,12,10,3,,,,,,,,,,,
1189,5.25,1,12,2,0.15,12,12,2,,,,,,,,,,,
1190,15.48,1,18,4,0.82,14,19,1,,,,,,,,,,,
1191,5.98,1,12,3,-0.58,12,12,6,,,,,,,,,,,
1192,5.41,1,11,1,1.29,12,12,6,,,,,,,,,,,
1193,4.39,1,17,2,1.55,12,13,2,,,,,,,,,,,
1194,5.98,1,11,2,1.3,12,13,2,,,,,,,,,,,
1195,12.42,1,12,7,0.39,16,14,4,,,,,,,,,,,
1196,4.9,1,11,1,1.63,12,14,2,,,,,,,,,,,
1197,6.55,1,16,2,0.84,12,12,1,,,,,,,,,,,
1198,5.58,1,11,1,1.24,12,16,2,,,,,,,,,,,
1199,14.87,1,13,2,0.5,18,12,2,,,,,,,,,,,
1200,6.17,1,14,1,0.83,10,12,3,,,,,,,,,,,
1201,6.82,1,19,4,1.34,18,18,2,,,,,,,,,,,
1202,11.58,1,18,2,1.43,18,18,2,,,,,,,,,,,
1203,9.67,1,15,3,1.42,18,15,2,,,,,,,,,,,
1204,9.11,1,16,3,1.17,16,15,2,,,,,,,,,,,
1205,2.8,1,14,5,-0.76,14,20,3,,,,,,,,,,,
1206,5.41,1,14,2,0.69,12,16,2,,,,,,,,,,,
1207,7.24,1,9,9,-0.2,12,16,2,,,,,,,,,,,
1208,15.95,1,15,3,0.69,13,18,2,,,,,,,,,,,
1209,5.64,1,11,1,0.46,13,12,2,,,,,,,,,,,
1210,11.35,1,15,2,1.54,12,17,4,,,,,,,,,,,
1211,5.05,1,12,1,1.27,12,17,4,,,,,,,,,,,
1212,6.75,1,20,5,1.94,14,17,2,,,,,,,,,,,
1213,5.41,1,11,1,0.57,14,16,1,,,,,,,,,,,
1214,14.58,1,16,2,1.15,17,14,1,,,,,,,,,,,
1215,7.92,1,11,1,1.51,12,16,4,,,,,,,,,,,
1216,8.08,1,15,6,1,12,12,0,,,,,,,,,,,
1217,11.82,1,19,4,1.22,14,16,3,,,,,,,,,,,
1218,21.32,1,16,3,1.23,15,16,3,,,,,,,,,,,
1219,12.18,1,15,7,0.98,12,12,1,,,,,,,,,,,
1220,6.29,1,14,2,1.7,12,12,1,,,,,,,,,,,
1221,4.48,1,16,3,0.52,16,16,1,,,,,,,,,,,
1222,6.75,1,11,3,-1.31,12,16,1,,,,,,,,,,,
1223,6.23,1,12,1,0.45,13,20,4,,,,,,,,,,,
1224,4.95,1,11,2,0.89,12,12,1,,,,,,,,,,,
1225,7.76,1,15,5,-0.11,16,16,1,,,,,,,,,,,
1226,4.34,1,13,4,-1.15,16,16,2,,,,,,,,,,,
1227,5.47,1,16,3,1.04,16,18,2,,,,,,,,,,,
1228,5.25,1,16,2,1.03,16,18,2,,,,,,,,,,,
1229,11.82,1,12,2,-0.34,12,11,4,,,,,,,,,,,
1230,5,1,11,1,0.62,12,10,2,,,,,,,,,,,
1231,20.28,1,15,3,0.71,14,18,1,,,,,,,,,,,
1232,5.31,1,12,1,1.06,12,16,0,,,,,,,,,,,
1233,12.06,1,12,3,-0.07,14,14,2,,,,,,,,,,,
1234,6.95,1,10,6,-1.89,12,8,4,,,,,,,,,,,
1235,7.17,1,15,3,1.05,16,17,2,,,,,,,,,,,
1236,5.47,1,12,2,-0.01,12,8,0,,,,,,,,,,,
1237,7.17,1,12,5,-0.45,12,10,4,,,,,,,,,,,
1238,5.25,1,12,7,-0.51,12,11,3,,,,,,,,,,,
1239,8.16,1,10,3,-0.41,10,12,4,,,,,,,,,,,
1240,11.47,1,12,3,0.4,12,12,2,,,,,,,,,,,
1241,8.24,1,11,5,-1.49,6,12,2,,,,,,,,,,,
1242,3.06,1,11,3,-0.87,6,12,2,,,,,,,,,,,
1243,7.92,1,11,4,-1.95,15,18,2,,,,,,,,,,,
1244,5.47,1,10,2,-0.62,16,16,1,,,,,,,,,,,
1245,5.41,1,9,3,-0.62,11,4,4,,,,,,,,,,,
1246,9.2,1,12,2,0.95,12,12,2,,,,,,,,,,,
1247,6.04,1,12,3,-0.53,12,12,5,,,,,,,,,,,
1248,2.53,1,12,8,0.51,14,14,3,,,,,,,,,,,
1249,6.61,1,9,8,-0.14,9,12,3,,,,,,,,,,,
1250,4.95,1,12,3,-0.37,12,14,3,,,,,,,,,,,
1251,7.92,1,9,6,-1.27,9,10,7,,,,,,,,,,,
1252,7.46,1,11,3,0.43,7,7,5,,,,,,,,,,,
1253,6.68,1,13,2,0.46,14,13,2,,,,,,,,,,,
1254,26.31,1,17,3,1.15,13,17,2,,,,,,,,,,,
1255,7.17,1,15,5,1.05,12,14,1,,,,,,,,,,,
1256,5.41,1,13,1,1.08,14,16,2,,,,,,,,,,,
1257,7.69,1,17,2,1.22,12,9,3,,,,,,,,,,,
1258,4.05,1,9,8,0.01,12,12,2,,,,,,,,,,,
1259,7.61,1,12,5,0.94,12,12,2,,,,,,,,,,,
1260,7.38,1,12,3,1.11,12,12,1,,,,,,,,,,,
1261,7.92,1,12,8,0.26,10,12,7,,,,,,,,,,,
1262,6.95,1,16,7,0.79,12,12,1,,,,,,,,,,,
1263,5.81,1,15,2,-0.15,12,12,2,,,,,,,,,,,
1264,10.17,1,13,3,0.48,15,14,1,,,,,,,,,,,
1265,6.04,1,12,3,0.11,12,7,1,,,,,,,,,,,
1266,7.92,1,9,3,-1.55,12,12,2,,,,,,,,,,,
1267,7.38,1,12,2,-0.42,12,8,2,,,,,,,,,,,
1268,4.66,1,12,2,0.97,12,17,0,,,,,,,,,,,
1269,14.87,1,11,4,-0.04,10,8,5,,,,,,,,,,,
1270,6.29,1,12,2,1.02,16,17,1,,,,,,,,,,,
1271,7.46,1,12,3,-1.83,12,7,4,,,,,,,,,,,
1272,5.2,1,10,2,0.39,11,8,0,,,,,,,,,,,
1273,5.31,1,9,10,-1.28,8,6,8,,,,,,,,,,,
1274,11.47,1,16,2,1.35,12,16,1,,,,,,,,,,,
1275,6.11,1,11,2,0.94,12,12,3,,,,,,,,,,,
1276,6.04,1,12,3,0.02,12,16,3,,,,,,,,,,,
1277,6.48,1,13,7,0.43,6,6,4,,,,,,,,,,,
1278,5.41,1,12,1,-1.88,6,6,4,,,,,,,,,,,
1279,8.41,1,9,7,-2.02,11,12,3,,,,,,,,,,,
1280,6.95,1,9,3,-0.13,11,10,1,,,,,,,,,,,
1281,6.29,1,10,5,0.81,12,13,2,,,,,,,,,,,
1282,5.1,1,12,3,-0.42,12,9,2,,,,,,,,,,,
1283,7.09,1,11,4,-1.68,12,13,1,,,,,,,,,,,
1284,1.8,1,10,2,-0.58,13,12,1,,,,,,,,,,,
1285,7.69,1,11,2,-0.62,14,14,1,,,,,,,,,,,
1286,5.1,1,12,3,-0.4,12,12,0,,,,,,,,,,,
1287,6.75,1,15,2,-0.04,16,14,1,,,,,,,,,,,
1288,6.23,1,12,4,0,12,12,1,,,,,,,,,,,
1289,9.2,1,15,4,1.04,12,13,5,,,,,,,,,,,
1290,11.58,1,14,4,1.32,15,16,1,,,,,,,,,,,
1291,4.66,1,12,3,-0.08,12,12,2,,,,,,,,,,,
1292,7.92,1,15,1,-0.01,18,6,3,,,,,,,,,,,
1293,5.52,1,12,8,-0.41,12,15,0,,,,,,,,,,,
1294,5.98,1,10,2,-0.47,11,10,1,,,,,,,,,,,
1295,9.97,1,10,5,-1,12,7,3,,,,,,,,,,,
1296,6.42,1,12,5,0.18,10,16,2,,,,,,,,,,,
1297,9.97,1,12,2,-0.43,12,12,3,,,,,,,,,,,
1298,7.61,1,9,6,0.5,14,12,3,,,,,,,,,,,
1299,8.67,1,12,3,-0.17,12,12,5,,,,,,,,,,,
1300,5.36,1,11,1,-1.29,12,8,2,,,,,,,,,,,
1301,4.39,1,11,2,0.72,16,14,2,,,,,,,,,,,
1302,5.98,1,10,2,0.1,9,11,6,,,,,,,,,,,
1303,7.09,1,11,2,0.38,15,15,2,,,,,,,,,,,
1304,14.58,1,12,3,0.71,15,12,5,,,,,,,,,,,
1305,7.92,1,13,3,0.84,12,15,4,,,,,,,,,,,
1306,7.46,1,10,5,-2.08,6,12,6,,,,,,,,,,,
1307,5.98,1,11,3,-0.55,6,7,3,,,,,,,,,,,
1308,6.48,1,12,2,0.44,12,12,6,,,,,,,,,,,
1309,11.13,1,11,6,0.85,11,10,4,,,,,,,,,,,
1310,7.61,1,14,4,-0.08,9,12,3,,,,,,,,,,,
1311,8.16,1,15,4,0.82,12,15,2,,,,,,,,,,,
1312,14.29,1,20,4,1.14,12,20,3,,,,,,,,,,,
1313,11.47,1,12,2,-0.11,12,18,4,,,,,,,,,,,
1314,6.11,1,10,2,1.18,12,12,5,,,,,,,,,,,
1315,15.48,1,15,6,0.33,12,12,3,,,,,,,,,,,
1316,9.97,1,11,3,0.08,8,12,1,,,,,,,,,,,
1317,6.68,1,11,1,-0.07,12,14,2,,,,,,,,,,,
1318,7.92,1,11,1,1.23,12,16,1,,,,,,,,,,,
1319,11.13,1,15,4,0.3,15,17,1,,,,,,,,,,,
1320,12.67,1,13,1,0.92,12,12,4,,,,,,,,,,,
1321,8,1,11,2,-0.84,11,14,4,,,,,,,,,,,
1322,5,1,11,1,1.11,12,12,4,,,,,,,,,,,
1323,9.29,1,10,5,0.42,12,12,2,,,,,,,,,,,
1324,7.92,1,11,2,-1.68,12,11,1,,,,,,,,,,,
1325,11.94,1,12,4,-0.4,12,12,8,,,,,,,,,,,
1326,6.55,1,15,5,0.51,14,11,6,,,,,,,,,,,
1327,9.2,1,11,3,-0.17,12,10,6,,,,,,,,,,,
1328,7.46,1,11,3,-0.92,11,11,2,,,,,,,,,,,
1329,5.75,1,11,4,-2.83,12,10,1,,,,,,,,,,,
1330,6.82,1,11,3,-0.47,12,12,2,,,,,,,,,,,
1331,5.58,1,11,4,0.06,16,15,2,,,,,,,,,,,
1332,5.81,1,11,2,0.22,16,16,2,,,,,,,,,,,
1333,7.84,1,11,7,-0.06,10,10,1,,,,,,,,,,,
1334,5.81,1,11,2,0.55,13,12,1,,,,,,,,,,,
1335,5.15,1,16,6,1.03,12,12,0,,,,,,,,,,,
1336,3.45,1,15,5,0.29,12,16,1,,,,,,,,,,,
1337,16.94,1,12,5,0.61,17,12,1,,,,,,,,,,,
1338,4.75,1,14,5,0.9,12,12,3,,,,,,,,,,,
1339,15.02,1,15,8,0.79,10,8,3,,,,,,,,,,,
1340,10.07,1,13,5,0.04,6,4,5,,,,,,,,,,,
1341,11.02,1,12,6,0.48,6,7,7,,,,,,,,,,,
1342,8.24,1,11,6,-0.22,6,6,7,,,,,,,,,,,
1343,5.31,1,13,6,-0.67,10,12,2,,,,,,,,,,,
1344,2.91,1,12,2,1.1,8,7,3,,,,,,,,,,,
1345,8.93,1,11,5,0.09,12,12,1,,,,,,,,,,,
1346,12.67,1,12,2,-1.37,12,15,4,,,,,,,,,,,
1347,14.01,1,13,3,0.6,12,20,9,,,,,,,,,,,
1348,8.75,1,16,3,1.43,16,12,3,,,,,,,,,,,
1349,4.13,1,12,2,-0.5,12,8,2,,,,,,,,,,,
1350,15.95,1,12,6,1.25,16,16,3,,,,,,,,,,,
1351,13.87,1,12,2,0.58,16,17,3,,,,,,,,,,,
1352,14.01,1,12,5,0.4,12,12,3,,,,,,,,,,,
1353,7.61,1,11,5,-0.64,12,12,6,,,,,,,,,,,
1354,15.48,1,9,12,0.29,13,12,3,,,,,,,,,,,
1355,7.46,1,12,3,0.64,12,16,2,,,,,,,,,,,
1356,4.66,1,16,4,1.33,15,12,2,,,,,,,,,,,
1357,8.24,1,11,1,0.8,16,16,3,,,,,,,,,,,
1358,7.76,1,15,6,0.07,12,14,3,,,,,,,,,,,
1359,8.67,1,12,7,-1.03,12,8,5,,,,,,,,,,,
1360,5.58,1,12,1,0.82,12,14,2,,,,,,,,,,,
1361,9.29,1,14,1,1.15,16,0,0,,,,,,,,,,,
1362,24.77,1,11,9,0.38,13,9,1,,,,,,,,,,,
1363,6.17,1,13,1,1.23,9,16,3,,,,,,,,,,,
1364,11.94,1,13,3,0.4,9,11,4,,,,,,,,,,,
1365,7.46,1,12,3,0.15,16,16,3,,,,,,,,,,,
1366,7.46,1,10,4,-0.57,14,12,2,,,,,,,,,,,
1367,4.9,1,12,2,1.27,12,10,1,,,,,,,,,,,
1368,28.5,1,14,3,-1.59,12,16,4,,,,,,,,,,,
1369,6.04,1,10,4,-1.14,16,14,2,,,,,,,,,,,
1370,13.06,1,12,6,-0.09,12,12,1,,,,,,,,,,,
1371,11.47,1,13,2,0.57,12,16,2,,,,,,,,,,,
1372,9.29,1,10,4,0.41,12,15,2,,,,,,,,,,,
1373,17.28,1,19,3,0.73,12,12,1,,,,,,,,,,,
1374,14.15,1,13,11,-0.53,12,10,1,,,,,,,,,,,
1375,6.17,1,10,11,-0.85,9,14,4,,,,,,,,,,,
1376,3.97,1,13,5,-0.95,7,13,2,,,,,,,,,,,
1377,5.2,1,10,6,-2.22,12,16,4,,,,,,,,,,,
1378,5.41,1,9,4,-1.83,12,12,1,,,,,,,,,,,
1379,6.29,1,15,2,-0.08,16,18,3,,,,,,,,,,,
1380,7.61,1,13,6,1.27,13,20,0,,,,,,,,,,,
1381,9.39,1,13,5,0.84,15,16,0,,,,,,,,,,,
1382,9.97,1,13,4,0.62,12,12,5,,,,,,,,,,,
1383,14.58,1,16,2,0.82,12,16,3,,,,,,,,,,,
1384,19.88,1,13,11,0.05,11,11,2,,,,,,,,,,,
1385,5.69,1,13,1,0.08,12,12,2,,,,,,,,,,,
1386,9.2,1,12,5,-0.53,12,12,2,,,,,,,,,,,
1387,5.25,1,11,1,0.1,12,12,4,,,,,,,,,,,
1388,6.23,1,12,4,0.06,15,16,5,,,,,,,,,,,
1389,14.87,1,16,4,0.96,15,18,1,,,,,,,,,,,
1390,14.15,1,15,3,0.5,9,12,4,,,,,,,,,,,
1391,7.53,1,14,10,1.44,10,8,1,,,,,,,,,,,
1392,9.39,1,16,4,-0.93,12,12,1,,,,,,,,,,,
1393,31.5,1,11,6,-0.05,12,12,4,,,,,,,,,,,
1394,5,1,12,2,-0.31,12,12,5,,,,,,,,,,,
1395,6.95,1,12,2,0.97,12,8,2,,,,,,,,,,,
1396,5.64,1,13,1,-0.01,12,14,4,,,,,,,,,,,
1397,3.7,1,15,2,1.07,12,7,3,,,,,,,,,,,
1398,5,1,14,10,0.59,12,12,1,,,,,,,,,,,
1399,4.48,1,16,6,0.7,14,16,1,,,,,,,,,,,
1400,5.31,1,12,2,0.17,10,12,0,,,,,,,,,,,
1401,12.8,1,12,1,0.69,12,11,10,,,,,,,,,,,
1402,3.25,1,13,9,-0.38,12,13,2,,,,,,,,,,,
1403,13.19,1,12,2,-0.68,12,12,2,,,,,,,,,,,
1404,9.02,1,12,2,0.3,9,11,1,,,,,,,,,,,
1405,9.39,1,11,9,1,12,12,3,,,,,,,,,,,
1406,4.8,1,12,2,1.04,13,8,2,,,,,,,,,,,
1407,7.46,1,11,2,0.05,13,12,2,,,,,,,,,,,
1408,11.13,1,12,5,0.14,16,16,6,,,,,,,,,,,
1409,5.98,1,9,3,-1.46,16,16,6,,,,,,,,,,,
1410,13.73,1,12,6,-0.99,12,12,3,,,,,,,,,,,
1411,6.35,1,11,2,-0.26,16,12,4,,,,,,,,,,,
1412,5.98,1,13,3,1.28,16,20,4,,,,,,,,,,,
1413,5.52,1,15,6,1.2,15,20,2,,,,,,,,,,,
1414,15.95,1,14,3,0.31,14,16,3,,,,,,,,,,,
1415,8.75,1,12,1,-0.18,12,18,1,,,,,,,,,,,
1416,8.93,1,11,4,0.96,12,12,2,,,,,,,,,,,
1417,15.33,1,15,3,0.95,18,20,4,,,,,,,,,,,
1418,9.67,1,11,9,0.42,8,8,3,,,,,,,,,,,
1419,6.42,1,11,1,-0.69,12,10,1,,,,,,,,,,,
1420,5.98,1,10,2,0.8,13,14,1,,,,,,,,,,,
1421,5.41,1,10,2,-0.03,13,15,1,,,,,,,,,,,
1422,7.46,1,12,2,-0.26,12,12,3,,,,,,,,,,,
1423,5.05,1,13,1,1.2,12,14,3,,,,,,,,,,,
1424,7.92,1,12,1,-0.36,12,16,0,,,,,,,,,,,
1425,8.67,1,10,4,-0.56,12,12,3,,,,,,,,,,,
1426,13.46,1,13,10,0.16,12,16,2,,,,,,,,,,,
1427,5.75,1,11,2,-0.1,11,10,8,,,,,,,,,,,
1428,10.8,1,14,3,1.61,11,10,6,,,,,,,,,,,
1429,12.18,1,15,3,1.27,12,16,1,,,,,,,,,,,
1430,4.9,1,12,1,0.58,16,20,4,,,,,,,,,,,
1431,9.02,1,15,2,0.35,12,12,2,,,,,,,,,,,
1432,5.64,1,11,1,-0.97,12,16,2,,,,,,,,,,,
1433,7.61,1,12,10,-2.78,10,9,4,,,,,,,,,,,
1434,5.64,1,12,2,1.38,12,12,2,,,,,,,,,,,
1435,7.02,1,12,2,0.12,7,10,6,,,,,,,,,,,
1436,6.48,1,12,1,0.53,12,12,1,,,,,,,,,,,
1437,8.93,1,13,8,0.45,12,16,1,,,,,,,,,,,
1438,10.59,1,16,3,1,16,16,1,,,,,,,,,,,
1439,14.15,1,15,5,-0.42,12,16,1,,,,,,,,,,,
1440,11.02,1,15,4,0.5,14,12,1,,,,,,,,,,,
1441,9.29,1,12,2,0.63,13,14,3,,,,,,,,,,,
1442,5.15,1,12,3,0.58,12,16,2,,,,,,,,,,,
1443,10.48,1,13,4,1.05,10,15,2,,,,,,,,,,,
1444,12.55,1,13,6,0.19,11,16,2,,,,,,,,,,,
1445,5,1,12,0,0.97,12,14,2,,,,,,,,,,,
1446,5.98,1,15,3,1.13,12,12,1,,,,,,,,,,,
1447,4.95,1,12,2,-1.46,12,12,2,,,,,,,,,,,
1448,23.8,1,12,5,-0.38,12,11,3,,,,,,,,,,,
1449,11.13,1,12,5,0.11,12,9,5,,,,,,,,,,,
1450,14.87,1,16,4,0.99,10,10,3,,,,,,,,,,,
1451,4.13,1,12,3,-0.12,12,12,1,,,,,,,,,,,
1452,12.3,1,12,4,0.04,10,10,3,,,,,,,,,,,
1453,10.17,1,11,4,-1.18,12,10,5,,,,,,,,,,,
1454,3.63,1,12,4,-0.91,12,10,5,,,,,,,,,,,
1455,5.05,1,9,12,-1.24,10,12,1,,,,,,,,,,,
1456,17.28,1,12,4,0.41,10,10,4,,,,,,,,,,,
1457,10.48,1,12,9,-0.01,12,12,0,,,,,,,,,,,
1458,10.59,1,12,1,-0.91,8,8,5,,,,,,,,,,,
1459,9.29,1,10,4,-1.16,10,10,2,,,,,,,,,,,
1460,4.13,1,12,4,0.53,11,8,6,,,,,,,,,,,
1461,5.15,1,12,3,0.16,12,12,3,,,,,,,,,,,
1462,13.46,1,12,3,-0.4,12,12,0,,,,,,,,,,,
1463,5.98,1,16,4,1.48,14,15,1,,,,,,,,,,,
1464,11.02,1,11,5,-0.26,12,12,3,,,,,,,,,,,
1465,7.69,1,12,10,0.33,12,12,3,,,,,,,,,,,
1466,5.75,1,15,0,1.28,12,12,2,,,,,,,,,,,
1467,4.39,1,12,4,0.39,12,10,3,,,,,,,,,,,
1468,11.94,1,12,5,-0.21,12,12,2,,,,,,,,,,,
1469,3.06,1,12,5,-1.16,10,8,4,,,,,,,,,,,
1470,2.91,1,10,12,-1.94,6,4,1,,,,,,,,,,,
1471,8.67,1,9,6,-1.94,12,7,11,,,,,,,,,,,
1472,8.75,1,12,3,-0.49,12,12,4,,,,,,,,,,,
1473,12.93,1,12,2,0.06,12,12,4,,,,,,,,,,,
1474,12.18,1,12,5,-0.88,12,12,6,,,,,,,,,,,
1475,11.35,1,15,5,1.01,12,12,3,,,,,,,,,,,
1476,13.87,1,14,6,0.18,12,12,3,,,,,,,,,,,
1477,5.41,1,11,2,0.72,12,8,1,,,,,,,,,,,
1478,10.8,1,12,3,0.09,12,8,1,,,,,,,,,,,
1479,6.95,1,12,1,1.07,8,11,7,,,,,,,,,,,
1480,5.64,1,12,3,0.08,16,16,1,,,,,,,,,,,
1481,13.87,1,15,3,1.15,8,8,6,,,,,,,,,,,
1482,3.32,1,12,7,0.27,12,12,4,,,,,,,,,,,
1483,11.47,1,11,2,0.59,12,8,3,,,,,,,,,,,
1484,7.69,1,12,2,0.64,12,10,1,,,,,,,,,,,
1485,4.61,1,12,2,0.88,13,17,4,,,,,,,,,,,
1486,5.41,1,10,2,1.24,13,18,4,,,,,,,,,,,
1487,22.64,1,15,4,1.1,13,16,4,,,,,,,,,,,
1488,4.48,1,12,3,1,13,16,4,,,,,,,,,,,
1489,12.06,1,13,3,1.32,9,12,2,,,,,,,,,,,
1490,7.92,1,10,7,-0.79,12,12,8,,,,,,,,,,,
1491,4.9,1,15,7,0.9,12,10,2,,,,,,,,,,,
1492,3.78,1,12,3,-1.16,12,10,3,,,,,,,,,,,
1493,5.58,1,13,5,0.88,12,12,1,,,,,,,,,,,
1494,7.61,1,12,2,0.85,12,12,1,,,,,,,,,,,
1495,5.81,1,12,6,1.2,12,12,8,,,,,,,,,,,
1496,5,1,12,1,-0.73,12,12,3,,,,,,,,,,,
1497,5.1,1,13,9,0.83,12,12,8,,,,,,,,,,,
1498,10.17,1,14,2,0.49,12,13,4,,,,,,,,,,,
1499,6.04,1,14,4,0.89,14,16,2,,,,,,,,,,,
1500,8.75,1,12,5,0.38,11,14,0,,,,,,,,,,,
1501,7.38,1,14,2,0.97,12,14,3,,,,,,,,,,,
1502,4.43,1,12,10,0.3,12,12,6,,,,,,,,,,,
1503,9.48,1,12,3,0.83,12,11,3,,,,,,,,,,,
1504,7.76,1,12,2,0.46,13,13,5,,,,,,,,,,,
1505,8.08,1,14,4,0.5,12,16,1,,,,,,,,,,,
1506,23.8,1,15,6,0.53,12,16,5,,,,,,,,,,,
1507,5.2,1,15,3,1.07,12,12,3,,,,,,,,,,,
1508,8.08,1,15,5,0.95,12,14,2,,,,,,,,,,,
1509,6.48,1,13,2,1.24,12,14,5,,,,,,,,,,,
1510,3.49,1,11,1,1.07,12,13,5,,,,,,,,,,,
1511,4.09,1,12,2,0.47,12,13,5,,,,,,,,,,,
1512,5.98,1,12,5,0.17,12,7,2,,,,,,,,,,,
1513,7.69,1,11,3,-0.91,12,8,2,,,,,,,,,,,
1514,8.08,1,11,4,-0.55,8,12,1,,,,,,,,,,,
1515,9.11,1,12,8,-0.61,10,9,6,,,,,,,,,,,
1516,7.24,1,12,3,-1.27,10,9,6,,,,,,,,,,,
1517,13.87,1,15,4,-0.26,12,14,1,,,,,,,,,,,
1518,6.55,1,12,4,0.7,10,12,2,,,,,,,,,,,
1519,4.39,1,12,3,0.79,12,12,3,,,,,,,,,,,
1520,4.09,1,12,3,-0.48,12,12,3,,,,,,,,,,,
1521,10.38,1,12,6,-1.25,10,12,2,,,,,,,,,,,
1522,19.1,1,16,1,1.24,16,12,1,,,,,,,,,,,
1523,4.9,1,9,12,-1.29,9,10,7,,,,,,,,,,,
1524,7.09,1,12,4,0.35,12,12,4,,,,,,,,,,,
1525,5.52,1,12,4,0.03,12,12,3,,,,,,,,,,,
1526,7.31,1,16,5,0.47,12,10,0,,,,,,,,,,,
1527,2.38,1,12,3,-0.84,8,10,4,,,,,,,,,,,
1528,8.84,1,15,3,0.39,14,14,5,,,,,,,,,,,
1529,9.77,1,12,3,-0.06,13,13,5,,,,,,,,,,,
1530,14.01,1,10,7,-0.77,12,9,1,,,,,,,,,,,
1531,5.15,1,10,1,0.71,12,12,1,,,,,,,,,,,
1532,5.31,1,11,3,-1.76,8,11,2,,,,,,,,,,,
1533,5.98,1,11,1,0.21,12,12,2,,,,,,,,,,,
1534,7.02,1,10,4,-1.35,12,11,2,,,,,,,,,,,
1535,12.93,1,12,4,-1,12,9,1,,,,,,,,,,,
1536,6.35,1,15,6,0.39,13,14,2,,,,,,,,,,,
1537,7.46,1,12,2,1.19,16,20,2,,,,,,,,,,,
1538,7.02,1,14,2,1.21,16,20,4,,,,,,,,,,,
1539,15.02,1,15,6,0.28,10,20,2,,,,,,,,,,,
1540,6.23,1,19,2,1.63,16,16,3,,,,,,,,,,,
1541,15.33,1,12,4,-0.58,12,12,5,,,,,,,,,,,
1542,3.93,1,15,1,1.31,12,16,3,,,,,,,,,,,
1543,5.36,1,19,3,1.32,16,19,1,,,,,,,,,,,
1544,4.66,1,12,1,-0.01,12,12,2,,,,,,,,,,,
1545,14.73,1,13,3,1.3,16,17,0,,,,,,,,,,,
1546,13.87,1,15,3,1.16,14,16,1,,,,,,,,,,,
1547,20.69,1,15,5,1.32,19,20,2,,,,,,,,,,,
1548,9.2,1,16,8,1.5,19,20,2,,,,,,,,,,,
1549,22.87,1,12,2,0.68,12,14,3,,,,,,,,,,,
1550,11.35,1,12,4,-0.15,18,14,4,,,,,,,,,,,
1551,4.61,1,11,1,0.3,13,12,2,,,,,,,,,,,
1552,15.64,1,15,3,1.69,14,16,1,,,,,,,,,,,
1553,12.3,1,15,7,0.2,12,16,1,,,,,,,,,,,
1554,4.75,1,14,5,0.11,12,16,1,,,,,,,,,,,
1555,7.46,1,12,1,0.92,12,12,1,,,,,,,,,,,
1556,5.87,1,11,1,0.83,12,12,1,,,,,,,,,,,
1557,17.46,1,15,6,0.38,12,14,1,,,,,,,,,,,
1558,11.94,1,12,4,-1.85,4,6,3,,,,,,,,,,,
1559,5.87,1,11,1,0,9,7,4,,,,,,,,,,,
1560,6.82,1,11,5,-0.31,7,10,2,,,,,,,,,,,
1561,5,1,13,1,0.26,12,14,2,,,,,,,,,,,
1562,5.31,1,12,2,-0.22,12,12,2,,,,,,,,,,,
1563,5,1,12,1,0.48,12,12,2,,,,,,,,,,,
1564,5.75,1,13,2,-1.21,12,12,2,,,,,,,,,,,
1565,5.15,1,12,2,0.34,12,12,1,,,,,,,,,,,
1566,9.58,1,12,6,0.12,16,16,1,,,,,,,,,,,
1567,5.92,1,12,3,-0.88,12,11,6,,,,,,,,,,,
1568,5.25,1,11,2,0.96,12,12,1,,,,,,,,,,,
1569,10.48,1,10,5,-1.78,12,12,1,,,,,,,,,,,
1570,8.33,1,12,3,-0.12,16,16,1,,,,,,,,,,,
1571,3.56,1,12,6,-1.29,12,9,8,,,,,,,,,,,
1572,6.75,1,10,6,0.06,10,8,4,,,,,,,,,,,
1573,5.25,1,9,6,-1.41,10,8,4,,,,,,,,,,,
1574,8.75,1,12,1,0.21,10,8,2,,,,,,,,,,,
1575,14.29,1,11,5,0.62,12,10,2,,,,,,,,,,,
1576,16.44,1,12,3,-0.42,14,6,3,,,,,,,,,,,
1577,11.47,1,12,2,0.87,12,12,1,,,,,,,,,,,
1578,6.61,1,12,4,0.31,15,14,3,,,,,,,,,,,
1579,9.39,1,11,3,0.23,12,12,5,,,,,,,,,,,
1580,12.42,1,12,2,0.38,12,16,2,,,,,,,,,,,
1581,7.17,1,12,3,-1.26,12,14,2,,,,,,,,,,,
1582,15.02,1,15,4,1.82,16,16,0,,,,,,,,,,,
1583,20.28,1,12,2,-0.26,11,8,3,,,,,,,,,,,
1584,5.69,1,13,3,1.09,13,12,2,,,,,,,,,,,
1585,6.17,1,14,2,1.09,14,16,2,,,,,,,,,,,
1586,4.71,1,12,3,0.41,13,6,2,,,,,,,,,,,
1587,8.33,1,13,2,0.76,13,12,3,,,,,,,,,,,
1588,6.11,1,12,7,0.3,12,14,2,,,,,,,,,,,
1589,5.1,1,10,3,-1.77,11,12,7,,,,,,,,,,,
1590,9.77,1,12,6,-0.05,12,12,5,,,,,,,,,,,
1591,8.75,1,12,1,1.29,12,12,1,,,,,,,,,,,
1592,6.55,1,12,3,-0.37,12,12,6,,,,,,,,,,,
1593,5.81,1,11,2,0.25,14,14,1,,,,,,,,,,,
1594,3.32,1,12,9,-1.08,12,12,4,,,,,,,,,,,
1595,8,1,12,1,0.92,12,12,4,,,,,,,,,,,
1596,5,1,12,2,0.7,12,16,1,,,,,,,,,,,
1597,6.88,1,12,8,-1.53,12,12,3,,,,,,,,,,,
1598,1.66,1,12,4,0.51,14,16,4,,,,,,,,,,,
1599,8.33,1,12,3,-0.21,12,12,0,,,,,,,,,,,
1600,1.59,1,12,7,-0.93,12,7,3,,,,,,,,,,,
1601,6.04,1,9,6,0.71,11,6,4,,,,,,,,,,,
1602,5.81,1,12,2,0.27,12,13,2,,,,,,,,,,,
1603,9.29,1,14,2,-1.5,11,3,5,,,,,,,,,,,
1604,7.92,1,12,3,1.07,12,12,1,,,,,,,,,,,
1605,12.18,1,15,3,0.77,12,12,3,,,,,,,,,,,
1606,6.82,1,12,5,-0.28,12,12,6,,,,,,,,,,,
1607,8.75,1,12,2,-0.12,12,12,6,,,,,,,,,,,
1608,7.02,1,11,1,-0.86,14,12,2,,,,,,,,,,,
1609,7.38,1,12,5,-1.25,10,12,3,,,,,,,,,,,
1610,7.02,1,12,3,0.81,14,14,2,,,,,,,,,,,
1611,15.18,1,15,8,0.05,3,3,6,,,,,,,,,,,
1612,7.09,1,15,5,0.87,5,5,6,,,,,,,,,,,
1613,5.1,1,14,3,-0.05,16,14,2,,,,,,,,,,,
1614,6.95,1,12,3,0.55,16,14,2,,,,,,,,,,,
1615,9.39,1,16,5,1.14,16,16,2,,,,,,,,,,,
1616,10.07,1,12,4,-0.32,18,20,3,,,,,,,,,,,
1617,8.93,1,11,2,0.42,12,16,4,,,,,,,,,,,
1618,8.75,1,14,3,-0.45,12,11,2,,,,,,,,,,,
1619,5.41,1,11,1,0.44,12,12,2,,,,,,,,,,,
1620,8.16,1,12,5,-1.1,12,13,3,,,,,,,,,,,
1621,5.58,1,10,2,-1.09,10,8,5,,,,,,,,,,,
1622,5.81,1,9,9,-0.81,8,8,13,,,,,,,,,,,
1623,9.29,1,12,3,0.05,12,10,5,,,,,,,,,,,
1624,4.71,1,12,9,-0.53,11,10,6,,,,,,,,,,,
1625,5.05,1,9,7,-1.21,7,7,5,,,,,,,,,,,
1626,5.98,1,12,3,0.01,13,13,4,,,,,,,,,,,
1627,4.48,1,11,3,-1.26,12,14,3,,,,,,,,,,,
1628,4.95,1,12,2,0.02,12,12,3,,,,,,,,,,,
1629,7.76,1,11,5,-0.38,9,9,4,,,,,,,,,,,
1630,13.06,1,12,5,-1.09,10,6,6,,,,,,,,,,,
1631,1.27,1,9,8,-0.9,10,11,6,,,,,,,,,,,
1632,5.98,1,11,1,0.14,12,10,3,,,,,,,,,,,
1633,10.69,1,12,2,1.45,16,14,4,,,,,,,,,,,
1634,8.67,1,13,2,1.12,12,12,4,,,,,,,,,,,
1635,8.75,1,15,4,1.37,16,14,2,,,,,,,,,,,
1636,5.81,1,9,10,-1.4,9,8,3,,,,,,,,,,,
1637,5.05,1,12,9,0.74,12,11,4,,,,,,,,,,,
1638,18.91,1,12,4,-0.26,12,12,5,,,,,,,,,,,
1639,6.23,1,10,6,-1.51,12,9,5,,,,,,,,,,,
1640,7.53,1,12,2,-0.56,12,12,4,,,,,,,,,,,
1641,14.01,1,13,1,0.53,19,16,2,,,,,,,,,,,
1642,5.98,1,12,2,0.53,12,12,3,,,,,,,,,,,
1643,5.75,1,12,2,-0.36,12,12,3,,,,,,,,,,,
1644,8.16,1,12,3,-0.19,12,14,3,,,,,,,,,,,
1645,4.01,1,12,1,0.53,12,12,3,,,,,,,,,,,
1646,2.13,1,16,1,0.62,13,16,1,,,,,,,,,,,
1647,4.26,1,16,2,0.28,12,16,1,,,,,,,,,,,
1648,5,1,13,2,0.87,12,15,3,,,,,,,,,,,
1649,5.69,1,11,1,0.79,12,16,3,,,,,,,,,,,
1650,4.61,1,12,1,0.15,13,12,2,,,,,,,,,,,
1651,15.95,1,14,3,0.64,14,16,2,,,,,,,,,,,
1652,6.55,1,13,8,-1.61,12,12,3,,,,,,,,,,,
1653,10.8,1,15,4,0.36,12,12,3,,,,,,,,,,,
1654,6.17,1,12,3,-0.51,12,12,1,,,,,,,,,,,
1655,3.89,1,12,7,0.75,8,9,2,,,,,,,,,,,
1656,3.97,1,12,3,-0.43,7,7,2,,,,,,,,,,,
1657,5.58,1,11,1,0.91,12,12,1,,,,,,,,,,,
1658,5.75,1,12,4,0.42,12,12,3,,,,,,,,,,,
1659,6.42,1,15,10,-0.19,11,5,0,,,,,,,,,,,
1660,6.55,1,10,4,0.56,11,12,3,,,,,,,,,,,
1661,6.68,1,10,7,-0.41,11,12,3,,,,,,,,,,,
1662,3.63,1,10,2,-0.84,11,12,3,,,,,,,,,,,
1663,6.95,1,12,4,-0.73,11,12,3,,,,,,,,,,,
1664,5.15,1,15,1,1.04,10,12,4,,,,,,,,,,,
1665,6.11,1,12,3,-0.13,12,12,3,,,,,,,,,,,
1666,6.48,1,12,10,-2.09,11,9,4,,,,,,,,,,,
1667,7.53,1,12,2,1.02,12,12,4,,,,,,,,,,,
1668,5.98,1,10,3,-0.44,12,8,3,,,,,,,,,,,
1669,7.09,1,12,3,0.49,9,9,3,,,,,,,,,,,
1670,4.95,1,12,3,0.23,8,12,8,,,,,,,,,,,
1671,8.33,1,14,2,0.61,12,8,8,,,,,,,,,,,
1672,6.61,1,12,6,0.72,12,13,3,,,,,,,,,,,
1673,6.68,1,16,4,0.72,12,12,2,,,,,,,,,,,
1674,5.87,1,16,5,0.43,12,12,2,,,,,,,,,,,
1675,4.43,1,11,2,0.77,12,12,3,,,,,,,,,,,
1676,4.22,1,12,2,0.9,8,8,3,,,,,,,,,,,
1677,2.31,1,10,1,0.46,12,8,3,,,,,,,,,,,
1678,7.92,1,10,6,-0.37,12,16,2,,,,,,,,,,,
1679,8.41,1,12,2,1.36,12,12,3,,,,,,,,,,,
1680,5.87,1,12,3,-1.24,12,18,6,,,,,,,,,,,
1681,4.39,1,11,2,0.77,17,8,1,,,,,,,,,,,
1682,6.55,1,9,5,-0.67,12,10,1,,,,,,,,,,,
1683,3.38,1,15,4,1.01,16,8,0,,,,,,,,,,,
1684,1.5,1,12,7,-0.43,12,12,5,,,,,,,,,,,
1685,4.57,1,12,5,-0.5,12,12,5,,,,,,,,,,,
1686,5.25,1,13,2,0.12,12,12,5,,,,,,,,,,,
1687,5.81,1,12,1,1.21,15,14,5,,,,,,,,,,,
1688,8.33,1,12,4,1.05,15,14,5,,,,,,,,,,,
1689,7.24,1,12,3,0.85,15,14,5,,,,,,,,,,,
1690,2.31,1,11,1,1.28,12,12,3,,,,,,,,,,,
1691,2.31,1,9,2,1.07,12,12,3,,,,,,,,,,,
1692,5.75,1,13,3,0.67,8,8,3,,,,,,,,,,,
1693,2.45,1,12,5,0.91,8,8,3,,,,,,,,,,,
1694,5.47,1,12,2,0.29,12,12,2,,,,,,,,,,,
1695,7.46,1,13,2,1.17,14,16,4,,,,,,,,,,,
1696,11.35,1,15,3,1.11,14,16,4,,,,,,,,,,,
1697,3.22,1,11,1,1.12,14,16,4,,,,,,,,,,,
1698,5.15,1,13,9,-0.33,13,14,2,,,,,,,,,,,
1699,8.93,1,12,3,-2.37,6,12,4,,,,,,,,,,,
1700,1.66,1,9,17,-1.49,7,4,3,,,,,,,,,,,
1701,7.92,1,12,1,-0.34,7,7,3,,,,,,,,,,,
1702,5.52,1,12,2,-1.21,5,0,3,,,,,,,,,,,
1703,8.24,1,9,7,-1.83,10,9,2,,,,,,,,,,,
1704,3.59,1,12,3,-0.66,7,7,4,,,,,,,,,,,
1705,5.87,1,12,6,-0.43,5,6,10,,,,,,,,,,,
1706,3.81,1,9,3,-0.95,12,12,1,,,,,,,,,,,
1707,14.87,1,12,2,-0.02,12,12,1,,,,,,,,,,,
1708,5.98,1,12,5,0.02,12,5,2,,,,,,,,,,,
1709,5.64,1,12,2,0.46,12,6,2,,,,,,,,,,,
1710,7.24,1,12,2,-1.02,12,12,3,,,,,,,,,,,
1711,6.48,1,13,6,0.1,12,16,1,,,,,,,,,,,
1712,6.55,1,12,3,-0.26,10,11,0,,,,,,,,,,,
1713,8.16,1,13,1,1.09,12,10,2,,,,,,,,,,,
1714,7.46,1,11,5,-1.08,11,11,4,,,,,,,,,,,
1715,11.02,1,15,4,1.38,12,4,5,,,,,,,,,,,
1716,6.23,1,12,11,0.12,11,8,4,,,,,,,,,,,
1717,6.88,1,9,4,-1.26,8,8,4,,,,,,,,,,,
1718,6.48,1,11,2,1.09,12,6,2,,,,,,,,,,,
1719,6.04,1,9,9,-2.52,8,8,1,,,,,,,,,,,
1720,5.92,1,10,3,-1.33,7,7,4,,,,,,,,,,,
1721,9.29,1,12,4,0.45,8,8,11,,,,,,,,,,,
1722,6.55,1,10,3,-1.05,9,9,8,,,,,,,,,,,
1723,10.07,1,13,2,-0.39,12,12,1,,,,,,,,,,,
1724,6.11,1,12,6,-0.72,12,6,2,,,,,,,,,,,
1725,5.69,1,11,2,0.68,12,8,2,,,,,,,,,,,
1726,9.48,1,10,4,-0.26,9,6,3,,,,,,,,,,,
1727,5.05,1,9,7,-2.02,6,11,3,,,,,,,,,,,
1728,4.48,1,12,3,-2.42,6,3,3,,,,,,,,,,,
1729,7.02,1,16,2,1.21,12,12,4,,,,,,,,,,,
1730,10.17,1,12,5,-0.11,11,8,5,,,,,,,,,,,
1731,7.46,1,12,3,-0.25,10,12,3,,,,,,,,,,,
1732,6.35,1,9,7,-0.7,10,12,3,,,,,,,,,,,
1733,5.41,1,12,2,-0.44,12,6,0,,,,,,,,,,,
1734,7.53,1,12,2,-0.31,12,9,1,,,,,,,,,,,
1735,5.81,1,12,5,0.75,12,12,3,,,,,,,,,,,
1736,8.75,1,9,9,-1.74,12,12,4,,,,,,,,,,,
1737,8.67,1,15,3,0.85,12,16,1,,,,,,,,,,,
1738,8.08,1,15,3,0.57,12,18,2,,,,,,,,,,,
1739,6.17,1,12,1,-0.13,12,16,2,,,,,,,,,,,
1740,5.98,1,15,1,0.25,14,14,1,,,,,,,,,,,
1741,4.48,1,9,4,-1.1,8,5,2,,,,,,,,,,,
1742,6.17,1,9,6,-1.48,7,6,2,,,,,,,,,,,
1743,9.67,1,9,11,-2.9,9,10,3,,,,,,,,,,,
1744,2.97,1,11,1,-2.27,9,8,1,,,,,,,,,,,
1745,3.78,1,12,2,-0.23,12,11,2,,,,,,,,,,,
1746,4.26,1,12,2,-0.62,12,11,2,,,,,,,,,,,
1747,19.29,1,19,3,1.35,17,18,1,,,,,,,,,,,
1748,5.69,1,11,1,0.68,11,12,3,,,,,,,,,,,
1749,6.17,1,10,5,0.05,12,18,2,,,,,,,,,,,
1750,10.91,1,13,6,0.44,12,12,1,,,,,,,,,,,
1751,7.46,1,15,4,1.09,16,17,2,,,,,,,,,,,
1752,4.8,1,15,3,0.56,15,12,4,,,,,,,,,,,
1753,9.11,1,12,2,0.73,12,12,2,,,,,,,,,,,
1754,6.35,1,14,3,0.25,12,12,2,,,,,,,,,,,
1755,7.76,1,15,1,0.47,12,14,2,,,,,,,,,,,
1756,72.24,1,19,9,1.47,12,11,0,,,,,,,,,,,
1757,19.1,1,12,4,0.41,15,18,1,,,,,,,,,,,
1758,6.17,1,12,6,1.5,17,10,2,,,,,,,,,,,
1759,6.82,1,12,1,0.32,12,12,3,,,,,,,,,,,
1760,15.79,1,12,7,0.08,12,11,1,,,,,,,,,,,
1761,8.75,1,13,5,0.4,14,16,1,,,,,,,,,,,
1762,8.75,1,13,2,-0.77,14,12,1,,,,,,,,,,,
1763,3.06,1,15,6,0.85,12,12,4,,,,,,,,,,,
1764,8.75,1,11,5,-0.32,9,6,2,,,,,,,,,,,
1765,5.2,1,9,5,1.24,12,14,3,,,,,,,,,,,
1766,11.94,1,12,4,-0.11,10,8,6,,,,,,,,,,,
1767,11.13,1,13,2,1.31,14,13,2,,,,,,,,,,,
1768,15.79,1,12,2,1.1,12,6,1,,,,,,,,,,,
1769,13.87,1,12,2,0.46,12,10,4,,,,,,,,,,,
1770,13.87,1,11,2,0.48,12,10,4,,,,,,,,,,,
1771,6.55,1,11,3,0.4,12,12,3,,,,,,,,,,,
1772,11.7,1,12,2,-0.37,12,12,2,,,,,,,,,,,
1773,5.98,1,9,8,-1.98,12,12,4,,,,,,,,,,,
1774,14.87,1,15,5,1.36,8,12,1,,,,,,,,,,,
1775,7.46,1,12,4,-0.8,6,7,2,,,,,,,,,,,
1776,5.81,1,11,4,-2.02,3,4,5,,,,,,,,,,,
1777,9.77,1,12,6,-0.67,12,12,1,,,,,,,,,,,
1778,13.59,1,12,7,0.31,9,5,5,,,,,,,,,,,
1779,4.95,1,9,14,-1.52,3,3,8,,,,,,,,,,,
1780,6.35,1,11,7,-2.06,5,0,1,,,,,,,,,,,
1781,11.13,1,12,5,-1.12,4,0,4,,,,,,,,,,,
1782,7.46,1,10,3,-1.11,4,0,4,,,,,,,,,,,
1783,9.77,1,14,1,1.11,12,18,5,,,,,,,,,,,
1784,16.44,1,15,3,0.93,13,12,4,,,,,,,,,,,
1785,13.06,1,10,4,-0.7,12,8,6,,,,,,,,,,,
1786,12.18,1,9,5,-1.76,6,6,4,,,,,,,,,,,
1787,4.34,1,14,5,0.7,16,15,1,,,,,,,,,,,
1788,4.95,1,11,9,-0.49,12,12,5,,,,,,,,,,,
1789,4.52,1,9,5,-1.49,6,12,2,,,,,,,,,,,
1790,17.81,1,15,3,0.9,15,4,2,,,,,,,,,,,
1791,4.22,1,12,1,0.51,3,12,2,,,,,,,,,,,
1792,8.24,1,12,3,-0.54,8,13,4,,,,,,,,,,,
1793,9.97,1,12,3,-1.4,6,0,7,,,,,,,,,,,
1794,5.69,1,12,4,-0.66,0,12,3,,,,,,,,,,,
1795,7.46,1,15,6,0.68,6,6,11,,,,,,,,,,,
1796,6.48,1,12,3,-0.28,2,1,3,,,,,,,,,,,
1797,5.98,1,11,2,-1.82,6,6,3,,,,,,,,,,,
1798,5.58,1,12,3,-0.9,12,10,3,,,,,,,,,,,
1799,5,1,11,4,-0.98,12,10,2,,,,,,,,,,,
1800,2.5,1,10,11,-2.04,8,3,3,,,,,,,,,,,
1801,7.69,1,12,6,-0.77,6,12,6,,,,,,,,,,,
1802,2.03,1,12,4,-1.92,12,12,5,,,,,,,,,,,
1803,8.93,1,13,1,0.53,12,12,3,,,,,,,,,,,
1804,5.98,1,9,5,-2.49,6,3,8,,,,,,,,,,,
1805,7.76,1,12,2,0.48,12,12,2,,,,,,,,,,,
1806,1.69,1,16,3,-0.66,8,11,5,,,,,,,,,,,
1807,6.95,1,12,3,-2.2,8,4,0,,,,,,,,,,,
1808,6.17,1,12,3,-0.53,8,8,5,,,,,,,,,,,
1809,5.2,1,12,11,-0.97,10,12,3,,,,,,,,,,,
1810,6.68,1,13,3,0.02,2,0,10,,,,,,,,,,,
1811,5.58,1,12,10,-0.54,0,4,9,,,,,,,,,,,
1812,7.24,1,12,5,-1.24,0,4,9,,,,,,,,,,,
1813,5.52,1,10,6,-0.02,12,12,4,,,,,,,,,,,
1814,10.48,1,12,1,0.25,12,12,1,,,,,,,,,,,
1815,7.02,1,12,5,-0.15,12,12,2,,,,,,,,,,,
1816,3.97,1,12,3,-0.61,11,6,18,,,,,,,,,,,
1817,13.73,1,14,3,0.15,9,10,4,,,,,,,,,,,
1818,7.31,1,12,2,-1.13,4,8,4,,,,,,,,,,,
1819,9.48,1,10,9,-0.88,5,8,4,,,,,,,,,,,
1820,8.24,1,12,8,-1.13,1,9,8,,,,,,,,,,,
1821,5.98,1,10,4,-1.23,1,9,7,,,,,,,,,,,
1822,4.95,1,9,13,-2.39,2,9,8,,,,,,,,,,,
1823,7.38,1,12,6,-1,3,3,14,,,,,,,,,,,
1824,13.87,1,10,5,-2.48,8,8,3,,,,,,,,,,,
1825,8,1,12,4,0.3,16,8,2,,,,,,,,,,,
1826,17.46,1,15,4,0.72,8,3,7,,,,,,,,,,,
1827,13.59,1,12,11,-0.4,12,16,2,,,,,,,,,,,
1828,7.46,1,10,7,-1.53,8,8,4,,,,,,,,,,,
1829,14.01,1,12,2,-0.76,9,7,4,,,,,,,,,,,
1830,2.48,1,13,11,0.44,10,7,4,,,,,,,,,,,
1831,5.92,1,15,6,-1.54,12,9,3,,,,,,,,,,,
1832,6.82,1,12,7,-1.79,7,12,7,,,,,,,,,,,
1833,7.92,1,13,1,-1,4,6,2,,,,,,,,,,,
1834,10.38,1,12,3,-0.88,6,10,2,,,,,,,,,,,
1835,8.24,1,12,6,0.4,4,5,2,,,,,,,,,,,
1836,5.75,1,12,5,-0.71,6,5,2,,,,,,,,,,,
1837,4.09,1,12,2,-0.19,12,11,3,,,,,,,,,,,
1838,6.04,1,11,2,-0.37,10,10,6,,,,,,,,,,,
1839,10.59,1,13,3,0.29,12,12,1,,,,,,,,,,,
1840,5.58,1,9,6,-0.45,12,9,2,,,,,,,,,,,
1841,3.06,1,9,11,-1.44,11,10,10,,,,,,,,,,,
1842,2.22,1,11,6,0.21,11,12,4,,,,,,,,,,,
1843,7.09,1,12,6,-0.8,10,12,5,,,,,,,,,,,
1844,5.75,1,9,5,-1.93,11,10,10,,,,,,,,,,,
1845,6.23,1,12,3,-0.52,12,12,0,,,,,,,,,,,
1846,1.93,1,15,4,1.07,12,16,2,,,,,,,,,,,
1847,7.92,1,13,1,1.05,12,15,3,,,,,,,,,,,
1848,8,1,13,2,1.35,12,14,2,,,,,,,,,,,
1849,5.87,1,11,3,0.21,14,11,2,,,,,,,,,,,
1850,5.58,1,11,2,-0.61,14,9,2,,,,,,,,,,,
1851,7.31,1,12,4,0.51,6,12,0,,,,,,,,,,,
1852,6.35,1,10,6,-0.51,10,7,6,,,,,,,,,,,
1853,6.61,1,19,3,1.41,17,17,1,,,,,,,,,,,
1854,6.95,1,12,5,0.05,12,8,1,,,,,,,,,,,
1855,4.61,1,14,3,0.84,9,12,1,,,,,,,,,,,
1856,5.98,1,12,4,0.21,7,7,2,,,,,,,,,,,
1857,7.46,1,9,3,-1.03,7,7,2,,,,,,,,,,,
1858,5.31,1,18,4,1.54,15,19,2,,,,,,,,,,,
1859,4.61,1,15,4,1.1,18,18,2,,,,,,,,,,,
1860,10.27,1,14,4,-0.34,10,9,3,,,,,,,,,,,
1861,7.46,1,11,1,0.48,9,9,1,,,,,,,,,,,
1862,5.64,1,10,3,0.11,14,10,3,,,,,,,,,,,
1863,7.09,1,12,1,0.41,14,11,3,,,,,,,,,,,
1864,5.58,1,11,2,-1.29,16,16,2,,,,,,,,,,,
1865,10.48,1,16,3,1.15,12,16,4,,,,,,,,,,,
1866,6.68,1,12,2,0.7,14,17,12,,,,,,,,,,,
1867,5.31,1,11,2,-0.5,14,16,12,,,,,,,,,,,
1868,4.57,1,11,2,-0.36,12,15,13,,,,,,,,,,,
1869,4.95,1,11,1,0.06,11,12,1,,,,,,,,,,,
1870,7.69,1,10,3,-1.64,6,9,2,,,,,,,,,,,
1871,5.69,1,12,3,-0.79,0,0,9,,,,,,,,,,,
1872,9.87,1,12,2,0.7,11,11,2,,,,,,,,,,,
1873,5.58,1,9,5,-1.96,8,5,0,,,,,,,,,,,
1874,13.46,1,10,6,-1.56,8,9,7,,,,,,,,,,,
1875,4.9,1,10,4,-1.37,8,9,7,,,,,,,,,,,
1876,9.97,1,13,3,0.27,12,12,1,,,,,,,,,,,
1877,7.92,1,9,9,0.13,12,12,2,,,,,,,,,,,
1878,5.2,1,14,4,0.27,13,12,8,,,,,,,,,,,
1879,5.47,1,14,6,-1.51,12,12,5,,,,,,,,,,,
1880,8.41,1,12,5,-1.48,0,0,4,,,,,,,,,,,
1881,8.84,1,12,3,0.45,3,3,8,,,,,,,,,,,
1882,5.69,1,11,2,0.28,12,12,2,,,,,,,,,,,
1883,6.23,1,11,11,-0.96,12,12,2,,,,,,,,,,,
1884,4.95,1,9,9,-0.91,6,0,3,,,,,,,,,,,
1885,11.13,1,11,6,-0.55,6,4,8,,,,,,,,,,,
1886,4.8,1,9,5,-1.2,4,2,7,,,,,,,,,,,
1887,5.1,1,12,2,0.2,11,8,7,,,,,,,,,,,
1888,8.75,1,10,4,-1.13,12,12,4,,,,,,,,,,,
1889,6.23,1,10,2,1.36,13,14,3,,,,,,,,,,,
1890,14.01,1,10,6,-2.32,9,3,4,,,,,,,,,,,
1891,3.63,1,12,4,-1.17,10,12,6,,,,,,,,,,,
1892,7.61,1,11,2,-0.77,12,0,4,,,,,,,,,,,
1893,9.97,1,10,1,-0.1,12,15,3,,,,,,,,,,,
1894,7.61,1,10,11,-0.05,4,12,3,,,,,,,,,,,
1895,21.54,1,14,5,0.74,16,16,1,,,,,,,,,,,
1896,2.71,1,14,1,-0.54,12,2,1,,,,,,,,,,,
1897,5.25,1,10,8,-1.56,5,16,9,,,,,,,,,,,
1898,6.35,1,13,1,1.52,6,7,2,,,,,,,,,,,
1899,6.55,1,14,3,-0.46,6,6,1,,,,,,,,,,,
1900,10.59,1,12,3,0.89,14,20,2,,,,,,,,,,,
1901,6.11,1,12,1,-1.1,8,12,0,,,,,,,,,,,
1902,12.93,1,10,4,-1.99,11,10,6,,,,,,,,,,,
1903,17.63,1,15,4,-0.03,12,14,2,,,,,,,,,,,
1904,9.48,1,12,4,-0.2,5,6,4,,,,,,,,,,,
1905,8.16,1,12,10,-1.31,6,8,5,,,,,,,,,,,
1906,16.44,1,16,5,-1.09,0,7,6,,,,,,,,,,,
1907,9.87,1,12,3,-1.22,11,11,6,,,,,,,,,,,
1908,9.58,1,12,4,-0.39,10,10,3,,,,,,,,,,,
1909,6.75,1,14,3,0.29,0,5,1,,,,,,,,,,,
1910,7.61,1,10,3,0.17,9,3,5,,,,,,,,,,,
1911,6.55,1,9,5,-1.62,10,4,6,,,,,,,,,,,
1912,6.48,1,9,5,-2.55,4,4,16,,,,,,,,,,,
1913,15.64,1,9,7,-2.49,4,0,3,,,,,,,,,,,
1914,14.01,1,10,4,-2.05,4,4,5,,,,,,,,,,,
1915,5.36,1,15,3,0.4,12,14,2,,,,,,,,,,,
1916,13.46,1,12,1,1,14,12,3,,,,,,,,,,,
1917,11.58,1,10,2,0.08,14,15,3,,,,,,,,,,,
1918,6.75,1,12,3,-1.3,6,6,2,,,,,,,,,,,
1919,6.95,1,12,1,0.12,11,6,2,,,,,,,,,,,
1920,12.67,1,11,6,-0.22,10,9,4,,,,,,,,,,,
1921,6.48,1,12,3,-1.12,8,9,8,,,,,,,,,,,
1922,10.07,1,10,11,-3.96,6,6,4,,,,,,,,,,,
1923,6.17,1,10,1,-1.05,6,6,2,,,,,,,,,,,
1924,6.23,1,13,3,0.29,0,3,10,,,,,,,,,,,
1925,5.47,1,12,2,-0.8,2,5,8,,,,,,,,,,,
1926,6.29,1,12,8,-0.13,2,3,7,,,,,,,,,,,
1927,7.46,1,10,11,-1.49,2,5,8,,,,,,,,,,,
1928,6.04,1,12,3,0.15,12,2,2,,,,,,,,,,,
1929,10.17,1,12,8,-2.53,3,8,2,,,,,,,,,,,
1930,6.61,1,12,12,-1.26,5,6,7,,,,,,,,,,,
1931,4.34,1,9,5,-1.9,4,5,7,,,,,,,,,,,
1932,1.97,1,10,6,-0.34,2,0,4,,,,,,,,,,,
1933,7.31,1,16,3,-0.22,6,6,7,,,,,,,,,,,
1934,5.98,1,13,5,-1.18,6,6,7,,,,,,,,,,,
1935,7.53,1,11,3,0.17,14,18,1,,,,,,,,,,,
1936,5.31,1,11,1,-0.11,12,14,3,,,,,,,,,,,
1937,3.93,1,11,10,0.83,12,12,5,,,,,,,,,,,
1938,5.31,1,12,1,-0.8,3,1,5,,,,,,,,,,,
1939,5.41,1,12,2,0.67,4,4,7,,,,,,,,,,,
1940,5.92,1,11,11,-1.49,16,9,7,,,,,,,,,,,
1941,5,1,12,3,-0.7,1,0,7,,,,,,,,,,,
1942,5.47,1,12,6,-1.28,1,0,6,,,,,,,,,,,
1943,5.58,1,13,5,-0.89,0,6,5,,,,,,,,,,,
1944,6.48,1,10,6,-0.6,0,0,1,,,,,,,,,,,
1945,6.48,1,12,3,-0.74,12,12,6,,,,,,,,,,,
1946,4.52,1,12,8,-1.21,12,12,6,,,,,,,,,,,
1947,5.81,1,10,6,-2.38,9,6,6,,,,,,,,,,,
1948,8.49,1,12,1,-0.37,8,8,6,,,,,,,,,,,
1949,5.81,1,12,4,-1.51,11,8,6,,,,,,,,,,,
1950,1.71,1,12,5,-1.18,11,8,6,,,,,,,,,,,
1951,3.78,1,9,2,0.82,18,18,2,,,,,,,,,,,
1952,2.09,1,16,2,-0.21,18,18,2,,,,,,,,,,,
1953,9.29,1,9,7,-1.17,12,7,4,,,,,,,,,,,
1954,8.16,1,12,5,-2.55,4,4,8,,,,,,,,,,,
1955,5,1,12,3,-0.36,9,6,5,,,,,,,,,,,
1956,5.36,1,11,3,-0.98,3,5,5,,,,,,,,,,,
1957,5.15,1,13,3,-1.36,12,12,2,,,,,,,,,,,
1958,7.02,1,12,1,0.18,13,12,2,,,,,,,,,,,
1959,6.75,1,12,4,-1.37,2,2,6,,,,,,,,,,,
1960,4.85,1,12,2,-0.7,10,12,4,,,,,,,,,,,
1961,17.81,1,13,4,-0.1,12,12,3,,,,,,,,,,,
1962,6.48,1,12,3,-1.53,12,6,6,,,,,,,,,,,
1963,6.95,1,12,8,-1.05,9,7,6,,,,,,,,,,,
1964,5.31,1,12,0,0.24,11,12,7,,,,,,,,,,,
1965,5.1,1,12,2,-0.15,6,13,2,,,,,,,,,,,
1966,6.42,1,12,3,-1.08,9,12,8,,,,,,,,,,,
1967,5.58,1,12,3,-1.03,6,14,4,,,,,,,,,,,
1968,3.78,1,12,8,0.57,11,12,7,,,,,,,,,,,
1969,6.23,1,11,3,-0.54,12,9,3,,,,,,,,,,,
1970,3.85,1,10,6,-0.18,12,12,3,,,,,,,,,,,
1971,5.69,1,13,2,-0.97,12,12,4,,,,,,,,,,,
1972,6.35,1,9,9,-0.78,10,11,3,,,,,,,,,,,
1973,5.05,1,12,3,0.53,8,5,3,,,,,,,,,,,
1974,4.17,1,14,1,1.11,13,12,2,,,,,,,,,,,
1975,7.17,1,13,3,0.77,3,5,4,,,,,,,,,,,
1976,7.24,1,11,2,-1.68,10,0,7,,,,,,,,,,,
1977,4.48,1,9,4,-0.83,11,9,2,,,,,,,,,,,
1978,8.58,1,11,2,-0.64,11,12,5,,,,,,,,,,,
1979,6.88,1,10,8,-1.63,9,12,4,,,,,,,,,,,
1980,12.67,1,10,7,-1.02,14,12,2,,,,,,,,,,,
1981,6.61,1,11,11,-2.58,3,3,8,,,,,,,,,,,
1982,13.59,1,11,2,-1.89,3,8,3,,,,,,,,,,,
1983,4.75,1,16,3,0.74,12,12,0,,,,,,,,,,,
1984,4.95,1,10,5,-4.04,4,5,2,,,,,,,,,,,
1985,4.8,1,15,2,-1.54,13,6,6,,,,,,,,,,,
1986,8.16,1,10,5,-1.78,5,3,3,,,,,,,,,,,
1987,2.18,1,12,3,-1.24,5,3,3,,,,,,,,,,,
1988,17.81,1,16,2,1.61,10,6,1,,,,,,,,,,,
1989,18.91,1,17,3,0.85,16,17,2,,,,,,,,,,,
1990,11.02,1,15,3,0.77,16,17,2,,,,,,,,,,,
1991,9.97,1,16,2,0.6,12,12,1,,,,,,,,,,,
1992,2.71,1,11,10,-1.96,4,0,7,,,,,,,,,,,
1993,5.47,1,10,2,-1.24,5,0,7,,,,,,,,,,,
1994,5.25,1,11,4,-0.81,8,8,2,,,,,,,,,,,
1995,9.77,1,9,10,-1.16,6,16,3,,,,,,,,,,,
1996,8.93,1,12,4,0.71,12,12,1,,,,,,,,,,,
1997,12.42,1,12,2,0.48,12,12,3,,,,,,,,,,,
1998,9.97,1,11,3,-0.27,12,12,2,,,,,,,,,,,
1999,3.7,1,10,6,-0.91,12,12,2,,,,,,,,,,,
2000,4.43,1,9,8,0.75,10,12,1,,,,,,,,,,,
2001,11.94,1,12,4,-1.49,9,12,2,,,,,,,,,,,
2002,6.04,1,12,1,-0.14,12,9,2,,,,,,,,,,,
2003,8.33,1,12,2,0.28,12,7,0,,,,,,,,,,,
2004,12.55,1,16,0,1.45,17,20,2,,,,,,,,,,,
2005,5.2,1,12,1,0.44,12,12,1,,,,,,,,,,,
2006,14.29,1,14,2,0.78,11,6,2,,,,,,,,,,,
2007,9.11,1,12,2,-1.2,8,9,2,,,,,,,,,,,
2008,7.61,1,12,1,-0.5,8,7,5,,,,,,,,,,,
2009,16.11,1,11,4,-1.52,9,9,6,,,,,,,,,,,
2010,8.41,1,12,2,0.64,10,9,6,,,,,,,,,,,
2011,9.67,1,10,5,-1.13,6,9,4,,,,,,,,,,,
2012,15.48,1,11,6,-1.41,10,7,5,,,,,,,,,,,
2013,8.49,1,12,3,1.19,9,12,3,,,,,,,,,,,
2014,4.85,1,12,2,1.07,12,16,2,,,,,,,,,,,
2015,6.88,1,12,3,-1.06,12,8,4,,,,,,,,,,,
2016,4.85,1,11,5,-1.39,0,0,6,,,,,,,,,,,
2017,5.41,1,9,5,-2.21,6,2,7,,,,,,,,,,,
2018,7.24,1,12,5,0.51,3,0,3,,,,,,,,,,,
2019,11.47,1,12,2,-0.25,2,7,5,,,,,,,,,,,
2020,5.31,1,19,1,-0.06,0,0,5,,,,,,,,,,,
2021,4.9,1,12,1,-0.23,13,14,2,,,,,,,,,,,
2022,3.49,1,12,10,-1.12,8,8,8,,,,,,,,,,,
2023,24.04,1,12,4,0.31,6,12,5,,,,,,,,,,,
2024,8.75,1,12,5,-1.03,0,3,4,,,,,,,,,,,
2025,3.03,1,12,3,-0.52,0,0,4,,,,,,,,,,,
2026,8.33,1,10,5,-1.91,7,11,2,,,,,,,,,,,
2027,7.38,1,12,1,-0.02,11,12,6,,,,,,,,,,,
2028,5.52,1,12,4,-0.66,12,12,6,,,,,,,,,,,
2029,6.48,1,10,2,-1.18,12,12,6,,,,,,,,,,,
2030,13.32,1,12,3,-0.44,12,12,3,,,,,,,,,,,
2031,13.19,1,13,4,-0.38,12,12,5,,,,,,,,,,,
2032,6.29,1,11,8,-0.97,12,12,5,,,,,,,,,,,
2033,7.92,1,12,3,-1.97,5,4,9,,,,,,,,,,,
2034,16.94,1,11,9,0.27,2,9,6,,,,,,,,,,,
2035,13.46,1,10,8,-0.91,4,7,5,,,,,,,,,,,
2036,5.98,1,11,4,-2.76,0,0,5,,,,,,,,,,,
2037,5.92,1,10,9,-2.41,0,0,3,,,,,,,,,,,
2038,14.43,1,10,5,-1.51,7,7,7,,,,,,,,,,,
2039,2.41,1,12,6,-2.58,4,3,1,,,,,,,,,,,
2040,5.87,1,9,6,-3.14,6,0,7,,,,,,,,,,,
2041,6.88,1,9,6,-2.03,0,4,13,,,,,,,,,,,
2042,8.75,1,10,3,0.33,2,2,4,,,,,,,,,,,
2043,6.95,1,12,7,-2.22,2,2,8,,,,,,,,,,,
2044,5.87,1,10,3,-0.4,12,11,3,,,,,,,,,,,
2045,3.97,1,12,9,-0.83,8,0,5,,,,,,,,,,,
2046,5,1,12,2,-0.89,13,13,2,,,,,,,,,,,
2047,4.95,1,12,5,-0.23,12,12,2,,,,,,,,,,,
2048,4.85,1,9,5,-1.82,3,6,4,,,,,,,,,,,
2049,7.02,1,12,3,-1.67,8,9,7,,,,,,,,,,,
2050,4.66,1,12,5,-2.13,7,9,7,,,,,,,,,,,
2051,5.31,1,12,7,-1.88,2,0,6,,,,,,,,,,,
2052,5.58,1,12,7,-1.15,2,0,6,,,,,,,,,,,
2053,7.92,1,11,5,-0.54,3,6,7,,,,,,,,,,,
2054,7.38,1,12,3,0.28,6,0,6,,,,,,,,,,,
2055,9.2,1,12,3,0.3,4,0,7,,,,,,,,,,,
2056,3.63,1,10,12,-2.25,3,0,8,,,,,,,,,,,
2057,4.3,1,12,2,-0.98,8,4,5,,,,,,,,,,,
2058,5,1,13,1,1.61,13,17,3,,,,,,,,,,,
2059,5.05,1,11,2,-0.5,6,4,1,,,,,,,,,,,
2060,8.58,1,12,1,-1.13,12,16,1,,,,,,,,,,,
2061,8,1,12,11,-2.39,4,12,8,,,,,,,,,,,
2062,14.43,1,14,2,0.44,12,12,1,,,,,,,,,,,
2063,5.41,1,15,2,0.31,12,12,1,,,,,,,,,,,
2064,5.75,1,14,6,-0.81,6,12,2,,,,,,,,,,,
2065,5.92,1,11,4,-1.97,6,12,2,,,,,,,,,,,
2066,1.49,1,12,11,-0.92,13,12,3,,,,,,,,,,,
2067,6.95,1,11,4,-2.59,4,4,5,,,,,,,,,,,
2068,5.31,1,10,5,0.04,8,8,4,,,,,,,,,,,
2069,5.47,1,10,5,-1.13,6,12,1,,,,,,,,,,,
2070,6.23,1,16,4,0.84,12,8,1,,,,,,,,,,,
2071,4.34,1,10,10,-3.04,0,5,6,,,,,,,,,,,
2072,5.31,1,10,2,-0.06,12,12,3,,,,,,,,,,,
2073,9.97,1,11,5,-0.34,11,10,3,,,,,,,,,,,
2074,16.6,1,12,6,-2.33,0,0,2,,,,,,,,,,,
2075,7.38,1,9,6,-1.83,0,0,2,,,,,,,,,,,
2076,9.48,1,15,3,0.52,12,12,1,,,,,,,,,,,
2077,11.7,1,12,4,0.12,10,12,3,,,,,,,,,,,
2078,3.49,1,12,3,-1.18,16,16,1,,,,,,,,,,,
2079,5.58,1,10,6,-0.55,10,8,2,,,,,,,,,,,
2080,14.01,1,14,1,0.2,14,16,5,,,,,,,,,,,
2081,6.11,1,10,4,-0.22,10,10,1,,,,,,,,,,,
2082,6.04,1,12,3,-0.51,12,8,2,,,,,,,,,,,
2083,3.74,1,13,1,0.64,12,8,2,,,,,,,,,,,
2084,3.97,1,12,5,-1.55,10,6,4,,,,,,,,,,,
2085,5.1,1,10,2,-0.17,12,12,1,,,,,,,,,,,
2086,5.31,1,12,1,0.58,12,12,1,,,,,,,,,,,
2087,5.98,1,10,2,-0.06,14,18,3,,,,,,,,,,,
2088,31.81,1,15,4,1.03,13,18,3,,,,,,,,,,,
2089,5.58,1,11,2,-0.24,12,17,3,,,,,,,,,,,
2090,3.63,1,12,5,-1.59,8,12,7,,,,,,,,,,,
2091,3.52,1,13,4,0.84,12,16,2,,,,,,,,,,,
2092,13.73,1,12,3,0.43,17,18,3,,,,,,,,,,,
2093,18.54,1,12,8,0.54,10,12,2,,,,,,,,,,,
2094,5.87,1,10,2,0.79,12,16,3,,,,,,,,,,,
2095,6.23,1,12,15,1.54,12,17,7,,,,,,,,,,,
2096,4.85,1,12,2,0.8,12,12,2,,,,,,,,,,,
2097,10.38,1,12,6,0.21,12,13,2,,,,,,,,,,,
2098,6.23,1,12,2,0.98,12,11,0,,,,,,,,,,,
2099,7.53,1,12,1,-0.31,14,14,2,,,,,,,,,,,
2100,4.85,1,12,1,0.22,15,14,2,,,,,,,,,,,
2101,5.81,1,10,5,1.59,10,14,2,,,,,,,,,,,
2102,9.97,1,12,3,0.56,10,9,3,,,,,,,,,,,
2103,14.43,1,12,3,0.67,12,13,3,,,,,,,,,,,
2104,5.98,1,12,1,1.07,14,14,0,,,,,,,,,,,
2105,3.74,1,16,2,1.12,16,14,1,,,,,,,,,,,
2106,9.97,1,12,2,1.23,12,12,6,,,,,,,,,,,
2107,6.75,1,11,2,0.97,12,12,6,,,,,,,,,,,
2108,2.97,1,12,2,1.17,12,12,6,,,,,,,,,,,
2109,4.39,1,13,9,-0.63,12,8,8,,,,,,,,,,,
2110,7.76,1,12,3,-0.22,8,10,1,,,,,,,,,,,
2111,6.95,1,12,10,-0.54,12,10,3,,,,,,,,,,,
2112,7.38,1,12,1,0.06,8,6,5,,,,,,,,,,,
2113,3.22,1,12,3,-1.37,3,3,8,,,,,,,,,,,
2114,3.18,1,11,6,-1.12,7,8,4,,,,,,,,,,,
2115,6.48,1,12,2,0.36,16,17,3,,,,,,,,,,,
2116,5.1,1,13,5,-0.73,12,12,2,,,,,,,,,,,
2117,5.2,1,15,4,0.73,14,20,1,,,,,,,,,,,
2118,17.99,1,14,2,-1.07,12,15,2,,,,,,,,,,,
2119,7.69,1,12,5,0.06,12,11,1,,,,,,,,,,,
2120,6.95,1,9,4,-1.66,5,14,6,,,,,,,,,,,
2121,15.18,1,11,15,-1.99,11,5,6,,,,,,,,,,,
2122,14.29,1,15,2,0.67,16,18,2,,,,,,,,,,,
2123,4.01,1,12,4,0.28,12,12,3,,,,,,,,,,,
2124,5.2,1,13,1,1.57,12,13,5,,,,,,,,,,,
2125,5.64,1,15,3,0.25,12,12,1,,,,,,,,,,,
2126,5.87,1,11,9,-0.11,9,1,7,,,,,,,,,,,
2127,4.85,1,10,5,-0.07,14,12,1,,,,,,,,,,,
2128,11.24,1,16,4,0.52,12,12,1,,,,,,,,,,,
2129,5.15,1,12,13,-2.36,12,12,0,,,,,,,,,,,
2130,9.29,1,14,2,1.04,12,14,0,,,,,,,,,,,
2131,5.31,1,11,3,0.06,12,16,1,,,,,,,,,,,
2132,6.88,1,14,3,0.79,12,20,1,,,,,,,,,,,
2133,12.8,1,15,1,0.28,12,12,1,,,,,,,,,,,
2134,9.39,1,12,3,0.71,12,14,2,,,,,,,,,,,
2135,5.41,1,12,2,-0.37,12,12,0,,,,,,,,,,,
2136,5.98,1,11,2,0.73,9,8,1,,,,,,,,,,,
2137,6.11,1,15,3,-0.79,9,12,1,,,,,,,,,,,
2138,7.46,1,9,5,-0.79,12,12,2,,,,,,,,,,,
2139,4.48,1,16,6,-0.52,12,12,1,,,,,,,,,,,
2140,5.58,1,17,2,0.97,16,18,1,,,,,,,,,,,
2141,9.48,1,12,3,0.22,12,9,0,,,,,,,,,,,
2142,18.35,1,16,6,0.87,12,12,2,,,,,,,,,,,
2143,8.84,1,20,5,0.84,16,19,1,,,,,,,,,,,
2144,13.46,1,10,4,0.17,12,12,2,,,,,,,,,,,
2145,4.61,1,17,3,0.03,20,20,2,,,,,,,,,,,
2146,2.01,1,15,2,1.06,20,20,2,,,,,,,,,,,
2147,4.85,1,12,1,0.64,20,20,2,,,,,,,,,,,
2148,13.19,1,12,5,0.95,12,16,2,,,,,,,,,,,
2149,2.24,1,12,3,0.51,12,12,1,,,,,,,,,,,
2150,16.44,1,15,3,1.18,12,12,3,,,,,,,,,,,
2151,6.48,1,13,5,0.64,16,16,2,,,,,,,,,,,
2152,8.49,1,10,5,-1.31,9,8,3,,,,,,,,,,,
2153,9.02,1,11,3,0.05,11,10,3,,,,,,,,,,,
2154,5.2,1,12,7,0.15,12,8,5,,,,,,,,,,,
2155,5.64,1,14,1,0.88,13,14,3,,,,,,,,,,,
2156,3.66,1,13,2,0.26,13,14,3,,,,,,,,,,,
2157,5.58,1,12,3,0.14,12,11,5,,,,,,,,,,,
2158,3.35,1,11,2,0.58,12,12,2,,,,,,,,,,,
2159,9.97,1,13,4,1.03,12,13,1,,,,,,,,,,,
2160,5.98,1,11,4,0.1,8,16,3,,,,,,,,,,,
2161,7.38,1,19,4,1.14,13,14,3,,,,,,,,,,,
2162,10.8,1,15,4,0.46,17,16,2,,,,,,,,,,,
2163,5.2,1,14,3,0.98,13,16,3,,,,,,,,,,,
2164,3.97,1,13,2,-0.21,12,12,3,,,,,,,,,,,
2165,4.85,1,10,6,-0.89,12,12,2,,,,,,,,,,,
2166,7.02,1,12,1,0.04,12,12,4,,,,,,,,,,,
2167,12.67,1,15,3,0.29,16,14,1,,,,,,,,,,,
2168,9.29,1,16,3,-0.21,14,16,5,,,,,,,,,,,
2169,9.11,1,12,2,-0.83,11,13,5,,,,,,,,,,,
2170,5.31,1,10,2,-0.07,8,9,5,,,,,,,,,,,
2171,5,1,9,4,-1.53,14,9,3,,,,,,,,,,,
2172,7.38,1,9,5,-1.36,14,9,3,,,,,,,,,,,
2173,4.01,1,9,5,-1.66,3,3,4,,,,,,,,,,,
2174,11.35,1,14,2,0.46,6,8,13,,,,,,,,,,,
2175,12.3,1,14,2,1.08,16,14,2,,,,,,,,,,,
2176,5.81,1,12,3,-1.79,4,6,6,,,,,,,,,,,
2177,6.82,1,9,5,0.44,8,6,4,,,,,,,,,,,
2178,4.9,1,11,2,-0.35,8,8,6,,,,,,,,,,,
